实体,关系,实体
地物类,一级地物,耕地
地物类,一级地物,园地
地物类,一级地物,林地
地物类,一级地物,草地
地物类,一级地物,商服用地
地物类,一级地物,工矿仓储用地
地物类,一级地物,住宅用地
地物类,一级地物,公共管理与公共服务用地
地物类,一级地物,特殊用地
地物类,一级地物,交通运输用地
地物类,一级地物,水域及水利设施用地
地物类,一级地物,其他土地
军事,业务包含,核电安全监管
军事,业务包含,机场监测
军事,业务包含,船舶目标检测
军事,业务包含,战场态势感知
军事,业务包含,核电厂环境辐射监测
军事,业务包含,核电温排水监测
农业,业务包含,农作物长势监测
农业,业务包含,农作物产量监测
农业,业务包含,农作物种植面积监测
农业,业务包含,农作物精细分类
农业,业务包含,农作物分布情况识别
农业,业务包含,植物物候期遥感监测
农业,业务包含,农业干旱监测
农业,业务包含,农情信息获取
农业,业务包含,农作物产量预测和估算
农业,业务包含,农业种植结构调整监测
农业,业务包含,土壤全氮含量的空间分布
农业,业务包含,农业大棚提取
农业,业务包含,农作物种植信息提取
农业,业务包含,茶园提取和识别
农业,业务包含,反演稻田气温
农业,业务包含,提取耕地非粮化信息
农业,业务包含,反演植被覆盖时的土壤盐分
农业,业务包含,土壤分类
农业,业务包含,农膜空间分布信息和使用量
农业,业务包含,监测土壤水分
农业,业务包含,苹果冠层参数定量研究
农业,业务包含,小麦长势监测
农业,业务包含,玉米长势监测
农业,业务包含,油菜长势监测
农业,业务包含,烟草长势监测
农业,业务包含,棉花长势监测
农业,业务包含,大豆长势监测
农业,业务包含,水稻长势监测
农业,业务包含,小麦产量监测
农业,业务包含,棉花产量监测
农业,业务包含,水稻产量监测
农业,业务包含,玉米产量监测
农业,业务包含,玉米种植面积监测
农业,业务包含,烟草种植面积监测
农业,业务包含,小麦种植面积监测
农业,业务包含,苹果种植面积监测
农业,业务包含,棉花种植面积监测
农业,业务包含,大豆种植面积监测
农业,业务包含,甘蔗种植面积监测
农业,业务包含,水稻种植面积监测
农业,业务包含,中药资源种植面积监测
农业,业务包含,马铃薯种植面积监测
农业,业务包含,白芍种植面积监测
农业,业务包含,大蒜种植面积监测
农业,业务包含,番茄种植面积监测
农业,业务包含,辣椒种植面积监测
农业,业务包含,花生种植面积监测
农业,业务包含,艾草种植面积监测
农业,业务包含,三七种植面积监测
农业,业务包含,枸杞种植面积监测
农业,业务包含,油菜种植面积监测
农业,业务包含,玉米种植分布情况识别
农业,业务包含,烟草种植分布情况识别
农业,业务包含,小麦种植分布情况识别
农业,业务包含,苹果种植分布情况识别
农业,业务包含,棉花种植分布情况识别
农业,业务包含,大豆种植分布情况识别
农业,业务包含,甘蔗种植分布情况识别
农业,业务包含,水稻种植分布情况识别
农业,业务包含,中药资源种植分布情况识别
农业,业务包含,马铃薯种植分布情况识别
农业,业务包含,白芍种植分布情况识别
农业,业务包含,大蒜种植分布情况识别
农业,业务包含,番茄种植分布情况识别
农业,业务包含,辣椒种植分布情况识别
农业,业务包含,花生种植分布情况识别
农业,业务包含,艾草种植分布情况识别
农业,业务包含,三七种植分布情况识别
农业,业务包含,枸杞种植分布情况识别
农业,业务包含,油菜种植分布情况识别
农业,业务包含,柑橘种植面积提取
农业,业务包含,苜蓿种植面积提取
地质,业务包含,矿山地质环境恢复治理遥感监测
地质,业务包含,矿产资源快速勘查
地质,业务包含,白岗岩型铀矿成矿要素识别
地质,业务包含,岩矿石蚀变异常信息提取
地质,业务包含,岩性识别
地质,业务包含,岩浆岩识别
地质,业务包含,变质岩识别
地质,业务包含,花岗岩识别
地质,业务包含,岩性识别填图
地质,业务包含,富钾岩石遥感信息提取
地质,业务包含,线性构造识别
地质,业务包含,找矿预测
地质,业务包含,矿山地质环境调查
地质,业务包含,生态环境地质调查
地质,业务包含,砂岩铀矿控矿构造识别与分析
地质,业务包含,砂岩型铀成矿条件调查
地质,业务包含,铀矿区油气还原蚀变提取和分析
地质,业务包含,铀成矿带识别
地质,业务包含,风化层厚度制图
地质,业务包含,地质构造解译
地质,业务包含,岩石空间分布特征识别
地质,业务包含,矿山范围内地表形变动态监测
地质,业务包含,火山口开口方向解译分析
地质,业务包含,玄武岩流向解译分析
地质,业务包含,确定新生代玄武岩强富水区
地质,业务包含,圈定地表油气异常
地质,业务包含,矿区地表塌陷监测
地质,业务包含,地下水动态监测
地质,业务包含,地下煤层火区识别与监测
地质,业务包含,矿区地下非法开采监测
地质,业务包含,火山灰云识别
城市,业务包含,道路准确提取
城市,业务包含,道路养护故障检测系统
城市,业务包含,城市植被绿地监测
城市,业务包含,城市植被分类
城市,业务包含,城市绿地系统评价
城市,业务包含,城市用地监测
城市,业务包含,城市热岛效应检测
城市,业务包含,城市土地利用变化研究
城市,业务包含,城市路网监测
城市,业务包含,城区表面太阳辐射量化
城市,业务包含,车辆目标信息获取
城市,业务包含,建筑物基坑信息提取
城市,业务包含,建筑物单体信息提取
城市,业务包含,建筑物高度信息提取
城市,业务包含,大遗址调查研究
城市,业务包含,遗存及周边环境研究
城市,业务包含,城市发展情况检测
城市,业务包含,人类活动监测
城市,业务包含,住房空置率监测
城市,业务包含,夜间目标识别
城市,业务包含,夜间城市监测
城市,业务包含,光污染研究
城市,业务包含,城市人工地物提取
城市,业务包含,大比例尺遥感制图
城市,业务包含,城市规划检测
城市,业务包含,违章建筑监测
城市,业务包含,城市扩展对耕地占用研究
城市,业务包含,城市地表热环境变化研究
城市,业务包含,城市地表温度分布图制作
城市,业务包含,建设用地调查
城市,业务包含,建筑物用途精细分类
城市,业务包含,城市扩张监测
城市,业务包含,公路灾害监测与评估
城市,业务包含,城市绿地结构布局检测
城市,业务包含,城市绿量计算
城市,业务包含,城市环境动态监测
城市,业务包含,城市容积率估计
城市,业务包含,城市公共空间信息提取
城市,业务包含,新增建筑物自动检测
林业,业务包含,森林火灾检测和监测
林业,业务包含,森林树种识别
林业,业务包含,红树林识别
林业,业务包含,森林资源监测
林业,业务包含,林业生态工程监测
林业,业务包含,森林郁闭度估测
林业,业务包含,松材线虫病监测
林业,业务包含,针叶林空间分布提取
林业,业务包含,阔叶林空间分布提取
林业,业务包含,森林蓄积量估测
林业,业务包含,森林资源变化监测
林业,业务包含,竹林信息提取
林业,业务包含,叶面积指数反演
林业,业务包含,森林病虫害遥感监测
林业,业务包含,林隙研究
林业,业务包含,森林健康状态评价
林业,业务包含,油松冠层可燃物含水率反演研究
林业,业务包含,输电线路山火监测与报警
林业,业务包含,马尾松毛虫害信息提取
林业,业务包含,森林生物量遥感估测
林业,业务包含,森林生物量探测
气象,业务包含,温室气体浓度信息获取
气象,业务包含,气溶胶光学厚度监测
气象,业务包含,地表温度反演
气象,业务包含,季节温差分布特点分析
气象,业务包含,大气CO2卫星遥感反演
气象,业务包含,城市热岛效应时空特征分析
气象,业务包含,大气细颗粒物PM2.5的遥感反演
气象,业务包含,细粒子气溶胶光学厚度反演
气象,业务包含,近地面颗粒物浓度反演
气象,业务包含,XCO2时空分布特征分析
气象,业务包含,典型路段冻土分布反演
气象,业务包含,CH4遥感反演研究
气象,业务包含,污染地区气溶胶类型研究
水利,业务包含,泥沙指数反演
水利,业务包含,河流提取
水利,业务包含,地表水遥感监测应用
水利,业务包含,湖泊化学需氧量遥感反演
水利,业务包含,湖泊氨氮含量遥感反演
水利,业务包含,湖泊总磷含量遥感反演
水利,业务包含,流域总磷浓度反演
水利,业务包含,流域高锰酸盐指数浓度反演
水利,业务包含,流域氨氮浓度反演
水利,业务包含,流域化学需氧量浓度反演
水利,业务包含,陆表水面面积估算
水利,业务包含,水质监测
水利,业务包含,海洋灾害监测
水利,业务包含,水土流失情况调查
水利,业务包含,湖泊面积变化分析
水利,业务包含,水体识别
水利,业务包含,研究植被覆盖度
水利,业务包含,海面高度和有效波高探测
水利,业务包含,海面溢油探测
水利,业务包含,海冰探测
水利,业务包含,水边线提取
水利,业务包含,水利设施监测
水利,业务包含,河口水质反演
水利,业务包含,河口水体富营养监测
水利,业务包含,灌溉面积估算
水利,业务包含,湖泊蓝藻水华监测分析
水利,业务包含,水体富营养化情况监测
水利,业务包含,提取复杂水体信息
水利,业务包含,水体信息提取
水利,业务包含,地表水热通量研究
水利,业务包含,地表能量平衡研究
水利,业务包含,冰情解译
水利,业务包含,作物种植结构遥感监测
水利,业务包含,土地盐渍化监测
水利,业务包含,悬浮泥沙浓度反演
水利,业务包含,赤潮检测
水利,业务包含,获取河道下垫面信息
水利,业务包含,积雪检测
水利,业务包含,河流污染物分布研究
水利,业务包含,核电站温排水遥感监测
灾害,业务包含,不透水面信息的提取
灾害,业务包含,悬浮物浓度反演
灾害,业务包含,地质灾害对道路影响评估
灾害,业务包含,矿区地质灾害监测防治
灾害,业务包含,地震应急调查
灾害,业务包含,地质灾害识别解译
灾害,业务包含,地质灾害调查评价
灾害,业务包含,地质灾害长期监测
灾害,业务包含,地质灾害应急响应研究
灾害,业务包含,地质灾害VR展示
灾害,业务包含,水旱灾害监测评估
灾害,业务包含,高位滑坡应急监测
灾害,业务包含,油气管道地质灾害面识别与监测
灾害,业务包含,地震灾区滑坡信息获取
灾害,业务包含,灾害道路滑坡进行监测和评估
灾害,业务包含,浒苔自然灾害监测
灾害,业务包含,建筑物震害信息获取
灾害,业务包含,地面沉降监测
灾害,业务包含,地表形变侦测和分析
灾害,业务包含,洪涝灾害遥感监测
灾害,业务包含,获取滑坡灾害分布范围
灾害,业务包含,水旱灾害遥感监测
灾害,业务包含,水电站边坡风险识别及应用研究
灾害,业务包含,中国湿地分布遥感制图
灾害,业务包含,暴雨洪涝灾害遥感监测
灾害,业务包含,沙尘暴监测
灾害,业务包含,黄土坡滑坡体散射体变形
灾害,业务包含,海洋赤潮灾害监测
灾害,业务包含,绿潮实时监测
环保,业务包含,金属矿区地面裂缝遥感调查
环保,业务包含,煤田火灾热红外遥感反演
环保,业务包含,甲烷排放检测与量化研究
环保,业务包含,煤矿山环境监测
环保,业务包含,矿山环境恢复治理
环保,业务包含,植被滞尘情况监测和分析
环保,业务包含,矿山地质环境信息提取研究
环保,业务包含,城市黑臭水体识别
环保,业务包含,悬浮物空间分布特征研究
环保,业务包含,水质安全评估
环保,业务包含,土壤污染遥感监测
环保,业务包含,秸秆焚烧监测
环保,业务包含,海上漂浮塑料探测与识别
环保,业务包含,矿山固体废弃物遥感监测
环保,业务包含,矿山建筑遥感监测
环保,业务包含,矿山中转场遥感监测
环保,业务包含,矿山地下开采硐口遥感监测
环保,业务包含,矿山塌陷坑遥感监测
环保,业务包含,秸秆焚烧火点实时监控
环保,业务包含,河流水污染监测
环保,业务包含,余泥渣土场信息提取
环保,业务包含,地表塌陷积水
环保,业务包含,油田土壤石油污染检测
环保,业务包含,污染土壤修复
环保,业务包含,生态产品的业务化自动或半自动生产
资源,业务包含,农业立体污染监测
资源,业务包含,典型污染物排放特征分析
资源,业务包含,草地总生物量动态估算
资源,业务包含,铀资源勘查
资源,业务包含,地热资源勘查
资源,业务包含,地下水资源勘查
资源,业务包含,地下水储量变化
资源,业务包含,资源环境效应分析
资源,业务包含,西北重点生态工程实施
资源,业务包含,西北重点区域综合治理
资源,业务包含,西北寒区旱区国土空间优化
资源,业务包含,煤快速有效识别
资源,业务包含,煤堆放情况动态监测
资源,业务包含,矸石快速有效识别
资源,业务包含,矸石堆放情况动态监测
资源,业务包含,成矿预测
资源,业务包含,冰川进退
资源,业务包含,草场退化
资源,业务包含,矿产资源勘探与监测
资源,业务包含,找矿靶区预测
资源,业务包含,水资源调查监测
资源,业务包含,矿产资源勘探
资源,业务包含,矿产资源违法开采信息获取
资源,业务包含,旅游资源调查
资源,业务包含,盐渍化土壤监测
资源,业务包含,盐分信息提取
资源,业务包含,农林结构调查
资源,业务包含,沙漠进退监测
资源,业务包含,土地荒漠化监测
资源,业务包含,湿地资源遥感调查
资源,业务包含,土壤侵蚀等级判定
资源,业务包含,山间盆地土壤侵蚀现状分析
资源,业务包含,土壤侵蚀发展趋势分析
资源,业务包含,草原利用现状研究
资源,业务包含,植被健康状况评价
资源,业务包含,草场退化程度监测
资源,业务包含,尾矿库环境风险监测
资源,业务包含,油气资源勘探
资源,业务包含,油田环境监测
资源,业务包含,油气工程评价
资源,业务包含,水土流失调查
资源,业务包含,监测植被胁迫类型
资源,业务包含,草原碳贮量遥感监测
资源,业务包含,成矿远景区圈定
资源,业务包含,矿区遥感异常信息提取
耕地,二级地物,水田
耕地,二级地物,水浇地
耕地,二级地物,早地
园地,二级地物,果园
园地,二级地物,茶园
园地,二级地物,橡胶园
园地,二级地物,其他园地
林地,二级地物,乔木林地
林地,二级地物,竹林地
林地,二级地物,红树林地
林地,二级地物,森林沼泽
林地,二级地物,灌木林地
林地,二级地物,灌丛沼泽
林地,二级地物,其他林地
草地,二级地物,天然牧草地
草地,二级地物,沼泽草地
草地,二级地物,人工牧草地
草地,二级地物,其他草地
商服用地,二级地物,零售商业用地
商服用地,二级地物,批发市场用地
商服用地,二级地物,餐饮用地
商服用地,二级地物,旅馆用地
商服用地,二级地物,商务金融用地
商服用地,二级地物,娱乐用地
商服用地,二级地物,其他商服用地
工矿仓储用地,二级地物,工业用地
工矿仓储用地,二级地物,采矿用地
工矿仓储用地,二级地物,盐田
工矿仓储用地,二级地物,仓储用地
住宅用地,二级地物,城镇住宅用地
住宅用地,二级地物,农村宅基地
公共管理与公共服务用地,二级地物,机关团体用地
公共管理与公共服务用地,二级地物,新闻出版用地
公共管理与公共服务用地,二级地物,教育用地
公共管理与公共服务用地,二级地物,科研用地
公共管理与公共服务用地,二级地物,医疗卫生用地
公共管理与公共服务用地,二级地物,社会福利用地
公共管理与公共服务用地,二级地物,文化设施用地
公共管理与公共服务用地,二级地物,体育用地
公共管理与公共服务用地,二级地物,公用设施用地
公共管理与公共服务用地,二级地物,公园与绿地
特殊用地,二级地物,军事设施用地
特殊用地,二级地物,使领馆用地
特殊用地,二级地物,监教场所用地
特殊用地,二级地物,宗教用地
特殊用地,二级地物,殡葬用地
特殊用地,二级地物,风景名胜设施用地
交通运输用地,二级地物,铁路用地
交通运输用地,二级地物,轨道交通用地
交通运输用地,二级地物,公路用地
交通运输用地,二级地物,城镇村道路用地
交通运输用地,二级地物,交通服务场站用地
交通运输用地,二级地物,农村道路
交通运输用地,二级地物,机场用地
交通运输用地,二级地物,港口码头用地
交通运输用地,二级地物,管道运输用地
水域及水利设施用地,二级地物,河流水面
水域及水利设施用地,二级地物,湖泊水面
水域及水利设施用地,二级地物,水库水面
水域及水利设施用地,二级地物,坑塘水面
水域及水利设施用地,二级地物,沿海滩涂
水域及水利设施用地,二级地物,内陆滩涂
水域及水利设施用地,二级地物,沟渠
水域及水利设施用地,二级地物,沼泽地
水域及水利设施用地,二级地物,水工建筑用地
水域及水利设施用地,二级地物,冰川及永久积雪
其他土地,二级地物,空闲地
其他土地,二级地物,设施农用地
其他土地,二级地物,田坎
其他土地,二级地物,盐碱地
其他土地,二级地物,沙地
其他土地,二级地物,裸土地
其他土地,二级地物,裸岩石砾地
被动式传感器,具体类型包含,WFV
被动式传感器,具体类型包含,PMS
被动式传感器,具体类型包含,PMS(GF-2)
主动式传感器,具体类型包含,SAR-C(GF-3)
被动式传感器,具体类型包含,凝视相机
被动式传感器,具体类型包含,EMI
被动式传感器,具体类型包含,GMI
被动式传感器,具体类型包含,DPC
被动式传感器,具体类型包含,AHSI
被动式传感器,具体类型包含,VIMS
被动式传感器,具体类型包含,PMS(GF-6)
被动式传感器,具体类型包含,WFV(GF-6)
被动式传感器,具体类型包含,双线阵立体相机
被动式传感器,具体类型包含,TM
被动式传感器,具体类型包含,ETM+
被动式传感器,具体类型包含,OLI
被动式传感器,具体类型包含,TIRS
被动式传感器,具体类型包含,OLI2
被动式传感器,具体类型包含,TIRS2
主动式传感器,具体类型包含,SAR-C(Sentinel1)
被动式传感器,具体类型包含,MSI
被动式传感器,具体类型包含,OLCI
被动式传感器,具体类型包含,SLSTR
被动式传感器,具体类型包含,TROPOMI
被动式传感器,具体类型包含,MUXCam
被动式传感器,具体类型包含,PanMUX
被动式传感器,具体类型包含,IRS
被动式传感器,具体类型包含,WFI
被动式传感器,具体类型包含,HRCC
被动式传感器,具体类型包含,TANSO-FTS
被动式传感器,具体类型包含,TANSO-CAI
被动式传感器,具体类型包含,MODIS
被动式传感器,具体类型包含,ASTER
被动式传感器,具体类型包含,AHI-8
被动式传感器,具体类型包含,GOCI
被动式传感器,具体类型包含,POLDER
被动式传感器,具体类型包含,OCO spectrometer
被动式传感器,具体类型包含,TANSO-FTS-2
被动式传感器,具体类型包含,TANSO-CAI-2
被动式传感器,具体类型包含,WV110(WorldView-2)
被动式传感器,具体类型包含,GHGSat-Spectrometer
被动式传感器,具体类型包含,HYC
被动式传感器,具体类型包含,HSI(EnMAP)
被动式传感器,具体类型包含,WV110(WorldView-3)
被动式传感器,具体类型包含,BGIS2000
被动式传感器,具体类型包含,HiRI
被动式传感器,具体类型包含,GIS
被动式传感器,具体类型包含,FLOCK
被动式传感器,具体类型包含,AVHRR
被动式传感器,具体类型包含,VIIRS(SNPP)
主动式传感器,具体类型包含,SeaWinds
主动式传感器,具体类型包含,AMI-SAR
主动式传感器,具体类型包含,SAR-L(JERS)
被动式传感器,具体类型包含,OPS
主动式传感器,具体类型包含,ASAR
主动式传感器,具体类型包含,SAR-2000
被动式传感器,具体类型包含,OMI
被动式传感器,具体类型包含,TOMS
主动式传感器,具体类型包含,ALT
被动式传感器,具体类型包含,PRISM
被动式传感器,具体类型包含,AVNIR-2
主动式传感器,具体类型包含,PALSAR
被动式传感器,具体类型包含,AMSR2
主动式传感器,具体类型包含,SAR-X(TerraSAR)
主动式传感器,具体类型包含,SAR-C(RadarSat)
被动式传感器,具体类型包含,OSA
被动式传感器,具体类型包含,多光谱双传感器
被动式传感器,具体类型包含,VHRI-100
主动式传感器,具体类型包含,COSI
主动式传感器,具体类型包含,ATLAS
被动式传感器,具体类型包含,MSU-SK
被动式传感器,具体类型包含,HSRS
被动式传感器,具体类型包含,OLS
被动式传感器,具体类型包含,WV110(WorldView-4)
被动式传感器,具体类型包含,AWiFS
被动式传感器,具体类型包含,MIRAS
被动式传感器,具体类型包含,SMAP
主动式传感器,具体类型包含,CO2 lidar
主动式传感器,具体类型包含,InSAR
被动式传感器,具体类型包含,CCD(INSAT)
被动式传感器,具体类型包含,REIS
主动式传感器,具体类型包含,SAR-L(Tandem)
被动式传感器,具体类型包含,VIIRS(NOAA)
被动式传感器,具体类型包含,MSC
被动式传感器,具体类型包含,Hyperion
被动式传感器,具体类型包含,VIRR
被动式传感器,具体类型包含,MERSI-II
被动式传感器,具体类型包含,MWRI-1(微波成像仪)
被动式传感器,具体类型包含,MVISR
被动式传感器,具体类型包含,VISSR-I
被动式传感器,具体类型包含,MERSI-1
被动式传感器,具体类型包含,WVC-2
被动式传感器,具体类型包含,IRMSS-2
被动式传感器,具体类型包含,HSI-2
被动式传感器,具体类型包含,CCD成像仪
被动式传感器,具体类型包含,COCTS
被动式传感器,具体类型包含,CCD相机
被动式传感器,具体类型包含,高光谱相机
被动式传感器,具体类型包含,CZI
被动式传感器,具体类型包含,SAR-S(HJ-1)
被动式传感器,具体类型包含,红外多光谱相机
被动式传感器,具体类型包含,三线阵测绘相机
被动式传感器,具体类型包含,多光谱相机
被动式传感器,具体类型包含,PMS(资源一号)
被动式传感器,具体类型包含,HR相机
被动式传感器,具体类型包含,NAOMI
被动式传感器,具体类型包含,HRG
被动式传感器,具体类型包含,HRS
被动式传感器,具体类型包含,Végétation
卫星,名称包含,高分一号
卫星,名称包含,高分二号
卫星,名称包含,高分三号
卫星,名称包含,高分四号
卫星,名称包含,高分五号
卫星,名称包含,高分六号
卫星,名称包含,高分七号
卫星,名称包含,Landsat5
卫星,名称包含,Landsat7
卫星,名称包含,Landsat8
卫星,名称包含,Landsat9
卫星,名称包含,Sentinel1
卫星,名称包含,Sentinel2
卫星,名称包含,Sentinel3
卫星,名称包含,Sentinel5P
卫星,名称包含,CBERS-4
卫星,名称包含,CBERS-2
卫星,名称包含,GOSAT
卫星,名称包含,Terra
卫星,名称包含,Himawari-8
卫星,名称包含,COMS
卫星,名称包含,PARASOL
卫星,名称包含,OCO-3
卫星,名称包含,OCO-2
卫星,名称包含,GOSAT-2
卫星,名称包含,WorldView-2
卫星,名称包含,GHGSatD
卫星,名称包含,PRISMA
卫星,名称包含,EnMAP
卫星,名称包含,WorldView-3
卫星,名称包含,Quickbird
卫星,名称包含,Pleiades-1
卫星,名称包含,Geoeye-1
卫星,名称包含,PlanetScope
卫星,名称包含,NOAA
卫星,名称包含,SNPP
卫星,名称包含,QuikSCAT
卫星,名称包含,ERS-1
卫星,名称包含,ERS-2
卫星,名称包含,JERS
卫星,名称包含,ENVISAT
卫星,名称包含,COSMO-SkyMed
卫星,名称包含,Aura
卫星,名称包含,Nimbus7
卫星,名称包含,Meteor3
卫星,名称包含,海洋二号
卫星,名称包含,ALOS
卫星,名称包含,GCOM-W
卫星,名称包含,TerraSAR-X
卫星,名称包含,RadarSat-1
卫星,名称包含,IKONOS
卫星,名称包含,北京一号
卫星,名称包含,北京二号
卫星,名称包含,KOMPSAT-5
卫星,名称包含,ICESat–2
卫星,名称包含,RESURS-O1
卫星,名称包含,BIRD
卫星,名称包含,DMSP
卫星,名称包含,WorldView-4
卫星,名称包含,IRS-P6
卫星,名称包含,SMOS
卫星,名称包含,SMAP
卫星,名称包含,ASCENDS
卫星,名称包含,DESDynI
卫星,名称包含,INSAT
卫星,名称包含,RapidEye
卫星,名称包含,Tandem-L
卫星,名称包含,NOAA-21
卫星,名称包含,KOMPSAT-2
卫星,名称包含,NMP-EO-1
卫星,名称包含,风云三号A星
卫星,名称包含,风云三号D星
卫星,名称包含,风云三号B星
卫星,名称包含,风云三号C星
卫星,名称包含,风云一号D星
卫星,名称包含,风云二号A星
卫星,名称包含,环境二号A星
卫星,名称包含,环境二号B星
卫星,名称包含,海洋一号B星
卫星,名称包含,环境一号A星
卫星,名称包含,海洋一号D星
卫星,名称包含,环境一号C星
卫星,名称包含,环境一号B星
卫星,名称包含,海洋一号C星
卫星,名称包含,资源三号
卫星,名称包含,资源一号02C星
卫星,名称包含,SPOT6
卫星,名称包含,SPOT7
卫星,名称包含,SPOT5
观测对象,场景包含,地标类
观测对象,场景包含,地物类
观测对象,场景包含,目标类
军事应用,实例包含,舰船
军事应用,实例包含,飞机
军事应用,实例包含,坦克
军事应用,实例包含,大炮
军事应用,实例包含,水坝
军事应用,实例包含,油罐、油库
军事应用,实例包含,汽车
军事应用,实例包含,人体目标
军事应用,实例包含,灯塔
环境监测,实例包含,海洋污染
环境监测,实例包含,城市固体废物
环境监测,实例包含,火箭残骸
环境监测,实例包含,垃圾场
环境监测,实例包含,矿产资源
环境监测,实例包含,人工鱼礁
环境监测,实例包含,近海养殖区
环境监测,实例包含,油井火炬
环境监测,实例包含,土法炼焦
自然灾害,实例包含,洪涝
自然灾害,实例包含,地震
自然灾害,实例包含,滑坡
自然灾害,实例包含,泥石流
自然灾害,实例包含,林火
自然灾害,实例包含,火山喷发
自然灾害,实例包含,煤层自燃
自然灾害,实例包含,草原火
自然灾害,实例包含,海洋灾害
自然灾害,实例包含,救灾帐篷
自然景观,实例包含,淮河
自然景观,实例包含,长江
自然景观,实例包含,钱塘江
自然景观,实例包含,黄河
自然景观,实例包含,珠江
自然景观,实例包含,京杭运河
自然景观,实例包含,黑龙江
自然景观,实例包含,松花江
自然景观,实例包含,怒江
自然景观,实例包含,汉江
自然景观,实例包含,澜沧江
自然景观,实例包含,洞庭湖
自然景观,实例包含,鄱阳湖
自然景观,实例包含,太湖
自然景观,实例包含,西湖
自然景观,实例包含,洪泽湖
自然景观,实例包含,巢湖
自然景观,实例包含,青海湖
自然景观,实例包含,千岛湖
自然景观,实例包含,洞庭湖
自然景观,实例包含,鄱阳湖
自然景观,实例包含,太湖
自然景观,实例包含,西湖
自然景观,实例包含,洪泽湖
自然景观,实例包含,巢湖
自然景观,实例包含,青海湖
自然景观,实例包含,千岛湖
自然景观,实例包含,黄山
自然景观,实例包含,庐山
自然景观,实例包含,泰山
自然景观,实例包含,衡山
自然景观,实例包含,华山
自然景观,实例包含,衡山
自然景观,实例包含,嵩山
自然景观,实例包含,五台山
自然景观,实例包含,普陀山
自然景观,实例包含,昆仑山
自然景观,实例包含,峨眉山
自然景观,实例包含,长白山
自然景观,实例包含,珠穆朗玛峰
自然景观,实例包含,秦岭
自然景观,实例包含,天柱山
自然景观,实例包含,雅鲁藏布大峡谷
自然景观,实例包含,长江三峡
自然景观,实例包含,怒江大峡
自然景观,实例包含,太行山大峡谷
自然景观,实例包含,金沙江虎跳峡
自然景观,实例包含,黄河壶口瀑布
自然景观,实例包含,德天瀑布
自然景观,实例包含,黄果树瀑布
自然景观,实例包含,赤水瀑布
自然景观,实例包含,九寨沟树正瀑布
人文景观,实例包含,天安门
人文景观,实例包含,安徽广播电视中心
人文景观,实例包含,天津之眼
人文景观,实例包含,复旦大学
人文景观,实例包含,重庆解放碑
人文景观,实例包含,唐山抗震纪念碑
人文景观,实例包含,山西大学
人文景观,实例包含,沈阳故宫
人文景观,实例包含,吉林大学
人文景观,实例包含,圣·索菲亚教堂
人文景观,实例包含,南京大学
人文景观,实例包含,雷峰塔
人文景观,实例包含,白鹭女神
人文景观,实例包含,南昌大学
人文景观,实例包含,台儿庄古城
人文景观,实例包含,郑州大学
人文景观,实例包含,黄鹤楼
人文景观,实例包含,橘子洲
人文景观,实例包含,中山大学
人文景观,实例包含,南山海上观音
人文景观,实例包含,四川大学
人文景观,实例包含,西江千户苗寨
人文景观,实例包含,大理三塔
人文景观,实例包含,西安交通大学
人文景观,实例包含,莫高窟
人文景观,实例包含,青海大学
人文景观,实例包含,台北101大厦
人文景观,实例包含,中银大厦
人文景观,实例包含,大三巴牌坊
人文景观,实例包含,吉思汗陵
人文景观,实例包含,文庙
人文景观,实例包含,拉萨布达拉宫
人文景观,实例包含,南关清真寺
人文景观,实例包含,新疆国际大巴扎
人文景观,实例包含,鸟巢
人文景观,实例包含,中国科学技术大学
人文景观,实例包含,天津广播电视塔
人文景观,实例包含,同济大学
人文景观,实例包含,重庆人民大礼堂
人文景观,实例包含,邯郸丛台公园
人文景观,实例包含,太原理工大学
人文景观,实例包含,星海广场
人文景观,实例包含,东北师范大学
人文景观,实例包含,龙塔
人文景观,实例包含,东南大学
人文景观,实例包含,普陀山风景名胜区
人文景观,实例包含,永定土楼
人文景观,实例包含,滕王阁
人文景观,实例包含,泉城广场
人文景观,实例包含,二七纪念馆
人文景观,实例包含,宜昌三峡大坝
人文景观,实例包含,岳麓书院
人文景观,实例包含,广州塔
人文景观,实例包含,凤凰岛“贝壳大楼”
人文景观,实例包含,电子科技大学
人文景观,实例包含,文昌阁
人文景观,实例包含,红塔山
人文景观,实例包含,西北工业大学
人文景观,实例包含,嘉峪关
人文景观,实例包含,西宁塔尔寺
人文景观,实例包含,台北故宫博物馆
人文景观,实例包含,香港会议展览中心
人文景观,实例包含,澳门新葡京酒店
人文景观,实例包含,孝庄园
人文景观,实例包含,日月双塔
人文景观,实例包含,大昭寺
人文景观,实例包含,中华回乡文化园
人文景观,实例包含,中天广场
人文景观,实例包含,天安门
人文景观,实例包含,合肥工业大学
人文景观,实例包含,西开教堂
人文景观,实例包含,上海交通大学
人文景观,实例包含,洪崖洞
人文景观,实例包含,承德避暑山庄
人文景观,实例包含,双塔寺
人文景观,实例包含,鸭绿江大桥
人文景观,实例包含,吉林省广播电视塔
人文景观,实例包含,石油之光
人文景观,实例包含,南京紫峰大厦
人文景观,实例包含,南浔古镇
人文景观,实例包含,洛阳桥
人文景观,实例包含,井冈山革命博物馆
人文景观,实例包含,洪家楼天主教堂
人文景观,实例包含,少林寺
人文景观,实例包含,襄阳古城
人文景观,实例包含,毛泽东铜像广场
人文景观,实例包含,深圳地王大厦
人文景观,实例包含,世纪大桥
人文景观,实例包含,岳王楼
人文景观,实例包含,花果园双子塔
人文景观,实例包含,勐焕大金塔
人文景观,实例包含,大雁塔
人文景观,实例包含,拉卜楞寺
人文景观,实例包含,浦宁之珠
人文景观,实例包含,台北孙中山纪念馆
人文景观,实例包含,青马大桥
人文景观,实例包含,澳门塔
人文景观,实例包含,大召寺
人文景观,实例包含,北部湾一号
人文景观,实例包含,扎什仑布寺
人文景观,实例包含,中卫高庙
人文景观,实例包含,亚洲大陆地理中心
人文景观,实例包含,长城
人文景观,实例包含,九华山地藏菩萨露天铜像
人文景观,实例包含,天津大学
人文景观,实例包含,东方明珠广播电视塔
人文景观,实例包含,来福士广场
人文景观,实例包含,燕山大学
人文景观,实例包含,云冈石窟
人文景观,实例包含,万花塔
人文景观,实例包含,高句丽古迹
人文景观,实例包含,哈尔滨大剧院
人文景观,实例包含,苏州东方之门
人文景观,实例包含,浙江大学
人文景观,实例包含,漳州八卦楼
人文景观,实例包含,龙珠阁
人文景观,实例包含,曲阜三孔
人文景观,实例包含,天中柱
人文景观,实例包含,黄冈中学
人文景观,实例包含,岳阳楼
人文景观,实例包含,港珠澳大桥
人文景观,实例包含,五公祠
人文景观,实例包含,乐山大佛
人文景观,实例包含,遵义会议会址
人文景观,实例包含,松赞林寺
人文景观,实例包含,秦始皇兵马俑博物馆
人文景观,实例包含,中山桥
人文景观,实例包含,东关清真大寺
人文景观,实例包含,中台禅寺
人文景观,实例包含,鄂尔多斯大剧院
人文景观,实例包含,云天宫
人文景观,实例包含,西藏大学
人文景观,实例包含,宁夏大学
人文景观,实例包含,苏公塔
人文景观,实例包含,北京大学
人文景观,实例包含,合肥大剧院
人文景观,实例包含,南开大学
人文景观,实例包含,上海中心大厦
人文景观,实例包含,重庆大学
人文景观,实例包含,河北大学
人文景观,实例包含,皇城相府
人文景观,实例包含,白塔
人文景观,实例包含,吉林市人民大剧院
人文景观,实例包含,哈尔滨工业大学
人文景观,实例包含,灵山大佛
人文景观,实例包含,南海观音立像
人文景观,实例包含,海上明珠观光塔
人文景观,实例包含,秋收起义纪念碑
人文景观,实例包含,山东大学
人文景观,实例包含,龙门石窟
人文景观,实例包含,恩施土司城
人文景观,实例包含,凤凰古城
人文景观,实例包含,梅州围龙屋
人文景观,实例包含,海南大学
人文景观,实例包含,天府熊猫塔
人文景观,实例包含,云南大学
人文景观,实例包含,钟鼓楼
人文景观,实例包含,会师楼
人文景观,实例包含,台湾大学
人文景观,实例包含,南宁国际会展中心
人文景观,实例包含,果子沟大桥
人文景观,实例包含,清华大学
人文景观,实例包含,上海世博园
人文景观,实例包含,西南大学
人文景观,实例包含,大连理工大学
人文景观,实例包含,哈尔滨工程大学
人文景观,实例包含,文昌阁
人文景观,实例包含,厦门大学
人文景观,实例包含,中国海洋大学
人文景观,实例包含,中原福塔
人文景观,实例包含,华中科技大学
人文景观,实例包含,中南大学
人文景观,实例包含,火把广场
人文景观,实例包含,商鞅广场
人文景观,实例包含,兰州大学
人文景观,实例包含,南浦大桥
人文景观,实例包含,东北大学
人文景观,实例包含,淮海纪念塔
人文景观,实例包含,福州大学
人文景观,实例包含,武汉大学
人文景观,实例包含,湖南大学
人文景观,实例包含,眉山远景楼
人文景观,实例包含,宝塔山
分辨率,属性包含,时间分辨率
分辨率,属性包含,空间分辨率
传感器,工作方式包含,主动式传感器
传感器,工作方式包含,被动式传感器
SAR-C(GF-3),成像模式,滑动聚束模式
SAR-C(GF-3),成像模式,超精细条带模式(SAR-C(GF-3))
SAR-C(GF-3),成像模式,精细条带模式1
SAR-C(GF-3),成像模式,精细条带模式2
SAR-C(GF-3),成像模式,标准条带模式
SAR-C(GF-3),成像模式,全极化条带模式1
SAR-C(GF-3),成像模式,全极化条带模式2
SAR-C(GF-3),成像模式,窄幅扫描模式
SAR-C(GF-3),成像模式,宽幅扫描模式(SAR-C(GF-3))
SAR-C(GF-3),成像模式,全球观测成像模式
SAR-C(GF-3),成像模式,扩展入射角
SAR-C(GF-3),成像模式,波成像模式
SAR-C(Sentinel1),成像模式,条带模式(SAR-C(Sentinel1))
SAR-C(Sentinel1),成像模式,干涉宽幅模式
SAR-C(Sentinel1),成像模式,超宽幅模式
SAR-C(Sentinel1),成像模式,波模式(SAR-C(Sentinel1))
AMI-SAR,成像模式,图像模式(AMI-SAR)
AMI-SAR,成像模式,波模式(AMI-SAR)
AMI-SAR,成像模式,散射模式
ASAR,成像模式,图像模式(ASAR)
ASAR,成像模式,全球监测模式
ASAR,成像模式,波模式(ASAR)
ASAR,成像模式,宽幅模式(ASAR)
ASAR,成像模式,交替极化模式
SAR-2000,成像模式,聚束模式(SAR-2000)
SAR-2000,成像模式,条带模式-HImage
SAR-2000,成像模式,条带模式-Ping Pong
SAR-2000,成像模式,扫描模式-Wide Region
SAR-2000,成像模式,扫描模式-Huge Region
PALSAR,成像模式,聚束模式(PALSAR)
PALSAR,成像模式,超精细条带模式(PALSAR)
PALSAR,成像模式,高精细条带模式
PALSAR,成像模式,精细条带模式
PALSAR,成像模式,扫描模式(PALSAR)
PALSAR,成像模式,全极化模式(PALSAR)
SAR-X(TerraSAR),成像模式,凝视聚束模式
SAR-X(TerraSAR),成像模式,高分辨率聚束模式
SAR-X(TerraSAR),成像模式,聚束模式(SAR-X(TerraSAR))
SAR-X(TerraSAR),成像模式,条带模式(SAR-X(TerraSAR))
SAR-X(TerraSAR),成像模式,扫描模式(SAR-X(TerraSAR))
SAR-X(TerraSAR),成像模式,宽幅扫描模式(SAR-X(TerraSAR))
SAR-C(RadarSat),成像模式,低分辨率模式1
SAR-C(RadarSat),成像模式,中等分辨率模式1
SAR-C(RadarSat),成像模式,中等分辨率模式2
SAR-C(RadarSat),成像模式,中等分辨率模式3
SAR-C(RadarSat),成像模式,高分辨率模式(SAR-C(RadarSat))
SAR-C(RadarSat),成像模式,更高分辨率模式
SAR-C(RadarSat),成像模式,低噪声模式
SAR-C(RadarSat),成像模式,聚束模式(SAR-C(RadarSat))
SAR-C(RadarSat),成像模式,全极化模式(SAR-C(RadarSat))
COSI,成像模式,高分辨率模式(COSI)
COSI,成像模式,标准模式
COSI,成像模式,宽幅模式(COSI)
SAR-L(Tandem),成像模式,宽幅成像模式
SAR-L(Tandem),成像模式,窄幅成像模式
SAR-S(HJ-1),成像模式,条带模式(SAR-S(HJ-1))
SAR-S(HJ-1),成像模式,扫描模式(SAR-S(HJ-1))
时间分辨率,数值包含,4days
时间分辨率,数值包含,5days
时间分辨率,数值包含,1day
时间分辨率,数值包含,20s
时间分辨率,数值包含,60days
时间分辨率,数值包含,16days
时间分辨率,数值包含,6days
时间分辨率,数值包含,2days
时间分辨率,数值包含,26days
时间分辨率,数值包含,52days
时间分辨率,数值包含,3days
时间分辨率,数值包含,10min
时间分辨率,数值包含,1month
时间分辨率,数值包含,3.7days
时间分辨率,数值包含,14days
时间分辨率,数值包含,3months
时间分辨率,数值包含,80days
时间分辨率,数值包含,3.5months
时间分辨率,数值包含,9months
时间分辨率,数值包含,6months
时间分辨率,数值包含,2weeks
时间分辨率,数值包含,46days
时间分辨率,数值包含,11days
时间分辨率,数值包含,12days
时间分辨率,数值包含,28days
时间分辨率,数值包含,183days
时间分辨率,数值包含,1.5days
时间分辨率,数值包含,30min
时间分辨率,数值包含,62days
时间分辨率,数值包含,7days
空间分辨率,数值包含,16m
空间分辨率,数值包含,2m
空间分辨率,数值包含,8m
空间分辨率,数值包含,50m
空间分辨率,数值包含,400m
空间分辨率,数值包含,13km
空间分辨率,数值包含,10.3km
空间分辨率,数值包含,3.5km
空间分辨率,数值包含,30m
空间分辨率,数值包含,20m
空间分辨率,数值包含,40m
空间分辨率,数值包含,0.8m
空间分辨率,数值包含,2.6m
空间分辨率,数值包含,120m
空间分辨率,数值包含,60m
空间分辨率,数值包含,15m
空间分辨率,数值包含,100m
空间分辨率,数值包含,10m
空间分辨率,数值包含,500m
空间分辨率,数值包含,1km
空间分辨率,数值包含,5m
空间分辨率,数值包含,80m
空间分辨率,数值包含,64m
空间分辨率,数值包含,10.5km
空间分辨率,数值包含,1.5km
空间分辨率,数值包含,90m
空间分辨率,数值包含,2km
空间分辨率,数值包含,1.29km
空间分辨率,数值包含,460m
空间分辨率,数值包含,960m
空间分辨率,数值包含,0.46m
空间分辨率,数值包含,1.8m
空间分辨率,数值包含,0.31m
空间分辨率,数值包含,1.24m
空间分辨率,数值包含,3.7m
空间分辨率,数值包含,0.65m
空间分辨率,数值包含,2.62m
空间分辨率,数值包含,0.5m
空间分辨率,数值包含,0.41m
空间分辨率,数值包含,1.64m
空间分辨率,数值包含,375m
空间分辨率,数值包含,750m
空间分辨率,数值包含,18m
空间分辨率,数值包含,2.5m
空间分辨率,数值包含,0.82m
空间分辨率,数值包含,3m
空间分辨率,数值包含,4m
空间分辨率,数值包含,32m
空间分辨率,数值包含,3.2m
空间分辨率,数值包含,372m
空间分辨率,数值包含,170m
空间分辨率,数值包含,600m
空间分辨率,数值包含,560m
空间分辨率,数值包含,5.8m
空间分辨率,数值包含,1m
空间分辨率,数值包含,1.1km
空间分辨率,数值包含,250m
空间分辨率,数值包含,1.25km
空间分辨率,数值包含,5km
空间分辨率,数值包含,48m
空间分辨率,数值包含,150m
空间分辨率,数值包含,300m
空间分辨率,数值包含,2.1m
空间分辨率,数值包含,2.36m
空间分辨率,数值包含,1.5m
空间分辨率,数值包含,6m
空间分辨率,数值包含,1.15km
空间分辨率,数值包含,25m
空间分辨率,数值包含,1000m
空间分辨率,数值包含,0.6m
空间分辨率,数值包含,1.2m
空间分辨率,数值包含,1.7m
空间分辨率,数值包含,9m
空间分辨率,数值包含,7m
空间分辨率,数值包含,7km
空间分辨率,数值包含,6.5km
空间分辨率,数值包含,50km
空间分辨率,数值包含,大于1.2km
空间分辨率,数值包含,66m
空间分辨率,数值包含,40km
空间分辨率,数值包含,125m
空间分辨率,数值包含,90cm
WFV,包含波段,蓝色波段(WFV)
WFV,包含波段,绿色波段(WFV)
WFV,包含波段,红色波段(WFV)
WFV,包含波段,近红外波段(WFV)
PMS,包含波段,全色波段(PMS)
PMS,包含波段,蓝色波段(PMS)
PMS,包含波段,绿色波段(PMS)
PMS,包含波段,红色波段(PMS)
PMS,包含波段,近红外波段(PMS)
PMS(GF-2),包含波段,全色波段(PMS(GF-2))
PMS(GF-2),包含波段,蓝色波段(PMS(GF-2))
PMS(GF-2),包含波段,绿色波段(PMS(GF-2))
PMS(GF-2),包含波段,红色波段(PMS(GF-2))
PMS(GF-2),包含波段,近红外波段(PMS(GF-2))
凝视相机,包含波段,全色波段(凝视相机)
凝视相机,包含波段,蓝色波段(凝视相机)
凝视相机,包含波段,绿色波段(凝视相机)
凝视相机,包含波段,红色波段(凝视相机)
凝视相机,包含波段,近红外波段(凝视相机)
凝视相机,包含波段,中波红外波段(凝视相机)
EMI,包含波段,紫外波段(EMI)
EMI,包含波段,可见光波段(EMI)
GMI,包含波段,近红外波段(GMI)
GMI,包含波段,短波红外波段(GMI)
DPC,包含波段,可见光波段(DPC)
DPC,包含波段,短波红外波段(DPC)
AHSI,包含波段,可见光波段(AHSI)
AHSI,包含波段,近红外波段(AHSI)
AHSI,包含波段,短波红外波段(AHSI)
VIMS,包含波段,可见光波段(VIMS)
VIMS,包含波段,近红外波段(VIMS)
VIMS,包含波段,短波红外波段(VIMS)
VIMS,包含波段,中波红外波段(VIMS)
VIMS,包含波段,热红外波段(VIMS)
PMS(GF-6),包含波段,全色波段(PMS(GF-6))
PMS(GF-6),包含波段,蓝色波段(PMS(GF-6))
PMS(GF-6),包含波段,绿色波段(PMS(GF-6))
PMS(GF-6),包含波段,红色波段(PMS(GF-6))
PMS(GF-6),包含波段,近红外波段(PMS(GF-6))
WFV(GF-6),包含波段,海岸蓝波段(WFV(GF-6))
WFV(GF-6),包含波段,蓝色波段(WFV(GF-6))
WFV(GF-6),包含波段,绿色波段(WFV(GF-6))
WFV(GF-6),包含波段,黄色波段(WFV(GF-6))
WFV(GF-6),包含波段,红色波段(WFV(GF-6))
WFV(GF-6),包含波段,红边波段1(WFV(GF-6))
WFV(GF-6),包含波段,红边波段2(WFV(GF-6))
WFV(GF-6),包含波段,近红外波段(WFV(GF-6))
双线阵立体相机,包含波段,全色波段(双线阵立体相机)
双线阵立体相机,包含波段,蓝色波段(双线阵立体相机)
双线阵立体相机,包含波段,绿色波段(双线阵立体相机)
双线阵立体相机,包含波段,红色波段(双线阵立体相机)
双线阵立体相机,包含波段,近红外波段(双线阵立体相机)
TM,包含波段,蓝色波段(TM)
TM,包含波段,绿色波段(TM)
TM,包含波段,红色波段(TM)
TM,包含波段,近红外波段(TM)
TM,包含波段,短波红外波段1(TM)
TM,包含波段,热红外波段(TM)
TM,包含波段,短波红外波段2(TM)
ETM+,包含波段,蓝色波段(ETM+)
ETM+,包含波段,绿色波段(ETM+)
ETM+,包含波段,红色波段(ETM+)
ETM+,包含波段,近红外波段(ETM+)
ETM+,包含波段,短波红外波段1(ETM+)
ETM+,包含波段,热红外波段(ETM+)
ETM+,包含波段,短波红外波段2(ETM+)
ETM+,包含波段,全色波段
OLI,包含波段,海岸波段(OLI)
OLI,包含波段,蓝色波段(OLI)
OLI,包含波段,绿色波段(OLI)
OLI,包含波段,红色波段(OLI)
OLI,包含波段,近红外波段(OLI)
OLI,包含波段,短波红外波段1(OLI)
OLI,包含波段,短波红外波段2(OLI)
OLI,包含波段,全色波段(OLI)
OLI,包含波段,圈云波段(OLI)
TIRS,包含波段,热红外波段1(TIRS)
TIRS,包含波段,热红外波段2(TIRS)
OLI2,包含波段,海岸波段(OLI2)
OLI2,包含波段,蓝色波段(OLI2)
OLI2,包含波段,绿色波段(OLI2)
OLI2,包含波段,红色波段(OLI2)
OLI2,包含波段,近红外波段(OLI2)
OLI2,包含波段,短波红外波段1(OLI2)
OLI2,包含波段,短波红外波段2(OLI2)
OLI2,包含波段,全色波段(OLI2)
OLI2,包含波段,圈云波段(OLI2)
TIRS2,包含波段,热红外波段1(TIRS2)
TIRS2,包含波段,热红外波段2(TIRS2)
MSI,包含波段,海岸/气溶胶波段(MSI)
MSI,包含波段,蓝色波段(MSI)
MSI,包含波段,绿色波段(MSI)
MSI,包含波段,红色波段(MSI)
MSI,包含波段,植被红边波段1(MSI)
MSI,包含波段,植被红边波段2(MSI)
MSI,包含波段,植被红边波段3(MSI)
MSI,包含波段,近红外波段(MSI)
MSI,包含波段,窄边近红外波段(MSI)
MSI,包含波段,水蒸气波段(MSI)
MSI,包含波段,短波红外-卷云波段(MSI)
MSI,包含波段,短波红外波段1(MSI)
MSI,包含波段,短波红外波段2(MSI)
SLSTR,包含波段,可见光波段(SLSTR)
SLSTR,包含波段,近红外波段(SLSTR)
SLSTR,包含波段,短波红外波段(SLSTR)
SLSTR,包含波段,中波红外波段(SLSTR)
SLSTR,包含波段,热红外波段(SLSTR)
MUXCam,包含波段,蓝色波段(MUXCam)
MUXCam,包含波段,绿色波段(MUXCam)
MUXCam,包含波段,红色波段(MUXCam)
MUXCam,包含波段,近红外波段(MUXCam)
PanMUX,包含波段,全色波段(PanMUX)
PanMUX,包含波段,绿色波段(PanMUX)
PanMUX,包含波段,红色波段(PanMUX)
PanMUX,包含波段,近红外波段(PanMUX)
IRS,包含波段,近红外波段(IRS)
IRS,包含波段,短波红外波段1(IRS)
IRS,包含波段,短波红外波段2(IRS)
IRS,包含波段,热红外波段(IRS)
WFI,包含波段,蓝色波段(WFI)
WFI,包含波段,绿色波段(WFI)
WFI,包含波段,红色波段(WFI)
WFI,包含波段,近红外波段(WFI)
HRCC,包含波段,全色波段(HRCC)
HRCC,包含波段,蓝色波段(HRCC)
HRCC,包含波段,绿色波段(HRCC)
HRCC,包含波段,红色波段(HRCC)
HRCC,包含波段,近红外波段(HRCC)
TANSO-FTS,包含波段,近红外波段(TANSO-FTS)
TANSO-FTS,包含波段,短波红外波段(TANSO-FTS)
TANSO-FTS,包含波段,热红外波段(TANSO-FTS)
TANSO-CAI,包含波段,紫外波段(TANSO-CAI)
TANSO-CAI,包含波段,可见光波段(TANSO-CAI)
TANSO-CAI,包含波段,近红外波段(TANSO-CAI)
TANSO-CAI,包含波段,短波红外波段(TANSO-CAI)
ASTER,包含波段,可见光近红外波段(ASTER)
ASTER,包含波段,短波红外波段(ASTER)
ASTER,包含波段,热红外波段(ASTER)
AHI-8,包含波段,蓝色波段(AHI-8)
AHI-8,包含波段,绿色波段
AHI-8,包含波段,红色波段(AHI-8)
AHI-8,包含波段,近红外波段(AHI-8)
AHI-8,包含波段,短波红外波段(AHI-8)
AHI-8,包含波段,热红外波段(AHI-8)
GOCI,包含波段,可见光波段(GOCI)
GOCI,包含波段,近红外波段(GOCI)
OCO spectrometer,包含波段,近红外波段(OCO spectrometer)
OCO spectrometer,包含波段,短波红外波段(OCO spectrometer)
TANSO-FTS-2,包含波段,近红外波段(TANSO-FTS-2)
TANSO-FTS-2,包含波段,短波红外波段(TANSO-FTS-2)
TANSO-FTS-2,包含波段,热红外波段(TANSO-FTS-2)
TANSO-CAI-2,包含波段,可见光波段(TANSO-CAI-2)
TANSO-CAI-2,包含波段,紫外波段(TANSO-CAI-2)
TANSO-CAI-2,包含波段,近红外波段(TANSO-CAI-2)
TANSO-CAI-2,包含波段,短波红外波段(TANSO-CAI-2)
WV110(WorldView-2),包含波段,全色波段(WV110(WorldView-2))
WV110(WorldView-2),包含波段,海岸波段(WV110(WorldView-2))
WV110(WorldView-2),包含波段,蓝色波段(WV110(WorldView-2))
WV110(WorldView-2),包含波段,绿色波段(WV110(WorldView-2))
WV110(WorldView-2),包含波段,黄色波段(WV110(WorldView-2))
WV110(WorldView-2),包含波段,红色波段(WV110(WorldView-2))
WV110(WorldView-2),包含波段,红边波段(WV110(WorldView-2))
WV110(WorldView-2),包含波段,近红外波段1(WV110(WorldView-2))
WV110(WorldView-2),包含波段,近红外波段2(WV110(WorldView-2))
HYC,包含波段,可见光近红外波段(HYC)
HYC,包含波段,短波红外波段(HYC)
HYC,包含波段,全色波段(HYC)
HSI(EnMAP),包含波段,可见光近红外波段(HSI(EnMAP))
HSI(EnMAP),包含波段,短波红外波段1(HSI(EnMAP))
HSI(EnMAP),包含波段,短波红外波段2(HSI(EnMAP))
HSI(EnMAP),包含波段,短波红外波段3(HSI(EnMAP))
WV110(WorldView-3),包含波段,全色波段(WV110(WorldView-3))
WV110(WorldView-3),包含波段,海岸波段(WV110(WorldView-3))
WV110(WorldView-3),包含波段,蓝色波段(WV110(WorldView-3))
WV110(WorldView-3),包含波段,绿色波段(WV110(WorldView-3))
WV110(WorldView-3),包含波段,黄色波段(WV110(WorldView-3))
WV110(WorldView-3),包含波段,红色波段(WV110(WorldView-3))
WV110(WorldView-3),包含波段,红边波段(WV110(WorldView-3))
WV110(WorldView-3),包含波段,近红外波段(WV110(WorldView-3))
WV110(WorldView-3),包含波段,短波红外波段(WV110(WorldView-3))
WV110(WorldView-3),包含波段,CAVIS波段(WV110(WorldView-3))
BGIS2000,包含波段,全色波段(BGIS2000)
BGIS2000,包含波段,蓝色波段(BGIS2000)
BGIS2000,包含波段,绿色波段(BGIS2000)
BGIS2000,包含波段,红色波段(BGIS2000)
BGIS2000,包含波段,近红外波段(BGIS2000)
HiRI,包含波段,全色波段(HiRI)
HiRI,包含波段,蓝色波段(HiRI)
HiRI,包含波段,绿色波段(HiRI)
HiRI,包含波段,红色波段(HiRI)
HiRI,包含波段,近红外波段(HiRI)
GIS,包含波段,全色波段(GIS)
GIS,包含波段,蓝色波段(GIS)
GIS,包含波段,绿色波段(GIS)
GIS,包含波段,红色波段(GIS)
GIS,包含波段,近红外波段(GIS)
FLOCK,包含波段,蓝色波段(FLOCK)
FLOCK,包含波段,绿色波段(FLOCK)
FLOCK,包含波段,红色波段(FLOCK)
FLOCK,包含波段,近红外波段(FLOCK)
AVHRR,包含波段,可见光波段(AVHRR)
AVHRR,包含波段,近红外波段(AVHRR)
AVHRR,包含波段,中波红外波段(AVHRR)
AVHRR,包含波段,热红外波段(AVHRR)
VIIRS(SNPP),包含波段,I波段(VIIRS(SNPP))
VIIRS(SNPP),包含波段,M波段(VIIRS(SNPP))
VIIRS(SNPP),包含波段,DNB波段(VIIRS(SNPP))
OPS,包含波段,绿色波段(OPS)
OPS,包含波段,红色波段(OPS)
OPS,包含波段,近红外波段(OPS)
OPS,包含波段,短波红外波段(OPS)
PRISM,包含波段,全色波段(PRISM)
AVNIR-2,包含波段,蓝色波段(AVNIR-2)
AVNIR-2,包含波段,绿色波段(AVNIR-2)
AVNIR-2,包含波段,红色波段(AVNIR-2)
AVNIR-2,包含波段,近红外波段(AVNIR-2)
OSA,包含波段,全色波段(OSA)
OSA,包含波段,蓝色波段(OSA)
OSA,包含波段,绿色波段(OSA)
OSA,包含波段,红色波段(OSA)
OSA,包含波段,近红外波段(OSA)
多光谱双传感器,包含波段,全色波段(多光谱双传感器)
多光谱双传感器,包含波段,绿色波段(多光谱双传感器)
多光谱双传感器,包含波段,红色波段(多光谱双传感器)
多光谱双传感器,包含波段,近红外波段(多光谱双传感器)
VHRI-100,包含波段,全色波段(VHRI-100)
VHRI-100,包含波段,蓝色波段(VHRI-100)
VHRI-100,包含波段,绿色波段(VHRI-100)
VHRI-100,包含波段,红色波段(VHRI-100)
VHRI-100,包含波段,近红外波段(VHRI-100)
HSRS,包含波段,中波红外波段(HSRS)
HSRS,包含波段,热红外波段(HSRS)
MSU-SK,包含波段,绿色波段(MSU-SK)
MSU-SK,包含波段,红色波段(MSU-SK)
MSU-SK,包含波段,近红外波段(MSU-SK)
MSU-SK,包含波段,热红外波段(MSU-SK)
OLS,包含波段,可见光波段(OLS)
OLS,包含波段,热红外波段(OLS)
WV110(WorldView-4),包含波段,全色波段(WV110(WorldView-4))
WV110(WorldView-4),包含波段,蓝色波段(WV110(WorldView-4))
WV110(WorldView-4),包含波段,绿色波段(WV110(WorldView-4))
WV110(WorldView-4),包含波段,红色波段(WV110(WorldView-4))
WV110(WorldView-4),包含波段,近红外波段(WV110(WorldView-4))
AWiFS,包含波段,绿色波段(AWiFS)
AWiFS,包含波段,红色波段(AWiFS)
AWiFS,包含波段,近红外波段(AWiFS)
AWiFS,包含波段,短波红外波段(AWiFS)
CCD(INSAT),包含波段,红色波段(CCD(INSAT))
CCD(INSAT),包含波段,近红外波段(CCD(INSAT))
CCD(INSAT),包含波段,短波红外波段(CCD(INSAT))
REIS,包含波段,蓝色波段(REIS)
REIS,包含波段,绿色波段(REIS)
REIS,包含波段,红色波段(REIS)
REIS,包含波段,红外波段(REIS)
REIS,包含波段,近红外波段(REIS)
VIIRS(NOAA),包含波段,I波段(VIIRS(NOAA))
VIIRS(NOAA),包含波段,M波段(VIIRS(NOAA))
VIIRS(NOAA),包含波段,DNB波段(VIIRS(NOAA))
MSC,包含波段,全色波段(MSC)
MSC,包含波段,蓝色波段(MSC)
MSC,包含波段,绿色波段(MSC)
MSC,包含波段,红色波段(MSC)
MSC,包含波段,近红外波段(MSC)
VIRR,包含波段,可见光波段(VIRR)
VIRR,包含波段,近红外波段(VIRR)
VIRR,包含波段,短波红外波段(VIRR)
VIRR,包含波段,中波红外波段(VIRR)
VIRR,包含波段,热红外波段(VIRR)
MERSI-II,包含波段,可见光波段(MERSI-II)
MERSI-II,包含波段,近红外波段(MERSI-II)
MERSI-II,包含波段,短波红外波段(MERSI-II)
MERSI-II,包含波段,中波红外波段(MERSI-II)
MERSI-II,包含波段,热红外波段(MERSI-II)
MVISR,包含波段,可见光波段(MVISR)
MVISR,包含波段,近红外波段(MVISR)
MVISR,包含波段,短波红外波段(MVISR)
MVISR,包含波段,热红外波段(MVISR)
VISSR-I,包含波段,可见光波段(VISSR-I)
VISSR-I,包含波段,热红外波段(VISSR-I)
MERSI-1,包含波段,可见光波段(MERSI-1)
MERSI-1,包含波段,近红外波段(MERSI-1)
MERSI-1,包含波段,短波红外波段(MERSI-1)
MERSI-1,包含波段,中波红外波段(MERSI-1)
MERSI-1,包含波段,热红外波段(MERSI-1)
WVC-2,包含波段,蓝色波段(WVC-2)
WVC-2,包含波段,绿色波段(WVC-2)
WVC-2,包含波段,红色波段(WVC-2)
WVC-2,包含波段,近红外波段(WVC-2)
IRMSS-2,包含波段,近红外波段(IRMSS-2)
IRMSS-2,包含波段,短波红外波段(IRMSS-2)
IRMSS-2,包含波段,中波红外波段(IRMSS-2)
IRMSS-2,包含波段,热红外波段(IRMSS-2)
HSI-2,包含波段,近红外波段(IRMSS-2)
HSI-2,包含波段,短波红外波段(IRMSS-2)
HSI-2,包含波段,中波红外波段(IRMSS-2)
HSI-2,包含波段,热红外波段(IRMSS-2)
CCD成像仪,包含波段,蓝色波段(CCD成像仪)
CCD成像仪,包含波段,绿色波段(CCD成像仪)
CCD成像仪,包含波段,红色波段(CCD成像仪)
CCD成像仪,包含波段,近红外波段(CCD成像仪)
CCD相机,包含波段,蓝色波段(CCD相机)
CCD相机,包含波段,绿色波段(CCD相机)
CCD相机,包含波段,红色波段(CCD相机)
CCD相机,包含波段,近红外波段(CCD相机)
CZI,包含波段,蓝色波段(CZI)
CZI,包含波段,绿色波段(CZI)
CZI,包含波段,红色波段(CZI)
CZI,包含波段,近红外波段(CZI)
红外多光谱相机,包含波段,近红外波段(红外多光谱相机)
红外多光谱相机,包含波段,短波红外波段(红外多光谱相机)
红外多光谱相机,包含波段,中红外波段(红外多光谱相机)
红外多光谱相机,包含波段,热红外波段(红外多光谱相机)
三线阵测绘相机,包含波段,全色波段(三线阵测绘相机)
多光谱相机,包含波段,蓝色波段(多光谱相机)
多光谱相机,包含波段,绿色波段(多光谱相机)
多光谱相机,包含波段,红色波段(多光谱相机)
多光谱相机,包含波段,近红外波段(多光谱相机)
PMS(资源一号),包含波段,全色波段(PMS(资源一号))
PMS(资源一号),包含波段,绿色波段(PMS(资源一号))
PMS(资源一号),包含波段,红色波段(PMS(资源一号))
PMS(资源一号),包含波段,近红外波段(PMS(资源一号))
HR相机,包含波段,全色波段(HR相机)
NAOMI,包含波段,全色波段(NAOMI)
NAOMI,包含波段,蓝色波段(NAOMI)
NAOMI,包含波段,绿色波段(NAOMI)
NAOMI,包含波段,红色波段(NAOMI)
NAOMI,包含波段,近红外波段(NAOMI)
HRG,包含波段,绿色波段(HRG)
HRG,包含波段,红色波段(HRG)
HRG,包含波段,近红外波段(HRG)
HRG,包含波段,全色波段(HRG)
HRS,包含波段,绿色波段(HRS)
HRS,包含波段,红色波段(HRS)
HRS,包含波段,近红外波段(HRS)
HRS,包含波段,全色波段(HRS)
HRS,包含波段,短波红外波段(HRS)
Végétation,包含波段,蓝色波段(Végétation)
Végétation,包含波段,红色波段(Végétation)
Végétation,包含波段,近红外波段(Végétation)
Végétation,包含波段,中红外波段(Végétation)
SAR-C(GF-3),波段类型,C波段
SAR-C(Sentinel1),波段类型,C波段
SeaWinds,波段类型,Ku波段
AMI-SAR,波段类型,C波段
SAR-L(JERS),波段类型,L波段
ASAR,波段类型,C波段
SAR-2000,波段类型,X波段
ALT,波段类型,C波段
ALT,波段类型,Ku波段
PALSAR,波段类型,L波段
SAR-X(TerraSAR),波段类型,X波段
SAR-C(RadarSat),波段类型,C波段
COSI,波段类型,X波段
InSAR,波段类型,L波段
SAR-L(Tandem),波段类型,L波段
SAR-S(HJ-1),波段类型,S波段
地标类,类别包含,人文景观
地标类,类别包含,自然景观
目标类,类别包含,军事应用
目标类,类别包含,环境监测
目标类,类别包含,自然灾害
应用领域,行业包含,军事
应用领域,行业包含,农业
应用领域,行业包含,地质
应用领域,行业包含,城市
应用领域,行业包含,林业
应用领域,行业包含,气象
应用领域,行业包含,水利
应用领域,行业包含,灾害
应用领域,行业包含,环保
应用领域,行业包含,资源
核电安全监管,所用传感器,TM
核电安全监管,所用传感器,ETM+
核电安全监管,所用传感器,OLI
机场监测,所用传感器,IRMSS-2
机场监测,所用传感器,PMS
机场监测,所用传感器,PMS(GF-2)
机场监测,所用传感器,多光谱相机
船舶目标检测,所用传感器,WFV
船舶目标检测,所用传感器,OLI
船舶目标检测,所用传感器,MSI
船舶目标检测,所用传感器,SAR-C(RadarSat)
船舶目标检测,所用传感器,SAR-X(TerraSAR)
船舶目标检测,所用传感器,SAR-C(Sentinel1)
战场态势感知,所用传感器,BGIS2000
核电厂环境辐射监测,所用传感器,OLI
核电厂环境辐射监测,所用传感器,TIRS
核电厂环境辐射监测,所用传感器,TIRS2
核电温排水监测,所用传感器,OLI
核电温排水监测,所用传感器,CCD相机
农作物长势监测,所用传感器,OLI
农作物长势监测,所用传感器,HRCC
农作物长势监测,所用传感器,CCD相机
农作物长势监测,所用传感器,PMS(GF-2)
农作物长势监测,所用传感器,MSI
农作物长势监测,所用传感器,WFV
农作物长势监测,所用传感器,MODIS
农作物产量监测,所用传感器,WFV
农作物产量监测,所用传感器,PMS
农作物产量监测,所用传感器,CCD相机
农作物产量监测,所用传感器,MODIS
农作物产量监测,所用传感器,MSI
农作物产量监测,所用传感器,OLI
农作物种植面积监测,所用传感器,OLI
农作物种植面积监测,所用传感器,MSI
农作物种植面积监测,所用传感器,PMS(GF-2)
农作物种植面积监测,所用传感器,MODIS
农作物种植面积监测,所用传感器,ETM+
农作物种植面积监测,所用传感器,CCD相机
农作物精细分类,所用传感器,WFV(GF-6)
农作物精细分类,所用传感器,MSI
农作物精细分类,所用传感器,SAR-C(Sentinel1)
农作物分布情况识别,所用传感器,HRG
农作物分布情况识别,所用传感器,OLI
农作物分布情况识别,所用传感器,WFV
农作物分布情况识别,所用传感器,MSI
农作物分布情况识别,所用传感器,WFV(GF-6)
农作物分布情况识别,所用传感器,SAR-C(Sentinel1)
农作物分布情况识别,所用传感器,TM
农作物分布情况识别,所用传感器,PMS
植物物候期遥感监测,所用传感器,MODIS
农业干旱监测,所用传感器,OLI
农业干旱监测,所用传感器,MODIS
农业干旱监测,所用传感器,MERSI-1
农情信息获取,所用传感器,PMS
农情信息获取,所用传感器,PMS(GF-2)
农作物产量预测/估算,所用传感器,WFV
农作物产量预测/估算,所用传感器,PMS
农作物产量预测/估算,所用传感器,CCD相机
农作物产量预测/估算,所用传感器,MODIS
农作物产量预测/估算,所用传感器,MSI
农作物产量预测/估算,所用传感器,OLI
农业种植结构调整监测,所用传感器,MSI
农业种植结构调整监测,所用传感器,MODIS
农业种植结构调整监测,所用传感器,OLI
农业种植结构调整监测,所用传感器,WFV
农业种植结构调整监测,所用传感器,WFV(GF-6)
农业种植结构调整监测,所用传感器,PMS(GF-2)
农业种植结构调整监测,所用传感器,AHSI
土壤全氮含量的空间分布,所用传感器,MSI
土壤全氮含量的空间分布,所用传感器,高光谱相机
土壤全氮含量的空间分布,所用传感器,OLI
土壤全氮含量的空间分布,所用传感器,PMS
农业大棚提取,所用传感器,PMS
农业大棚提取,所用传感器,PMS(GF-2)
农业大棚提取,所用传感器,三线阵测绘相机
农业大棚提取,所用传感器,MSI
农业大棚提取,所用传感器,PMS(GF-6)
农作物种植信息提取,所用传感器,OLI
农作物种植信息提取,所用传感器,WFV
农作物种植信息提取,所用传感器,CCD相机
农作物种植信息提取,所用传感器,MSI
农作物种植信息提取,所用传感器,WFV(GF-6)
茶园提取/识别,所用传感器,MSI
茶园提取/识别,所用传感器,AHSI
茶园提取/识别,所用传感器,OLI
茶园提取/识别,所用传感器,ETM+
茶园提取/识别,所用传感器,PMS(GF-2)
茶园提取/识别,所用传感器,SAR-C(GF-3)
反演稻田气温,所用传感器,MODIS
提取耕地非粮化信息,所用传感器,MSI
提取耕地非粮化信息,所用传感器,SAR-C(Sentinel1)
提取耕地非粮化信息,所用传感器,MODIS
反演植被覆盖时的土壤盐分,所用传感器,MSI
反演植被覆盖时的土壤盐分,所用传感器,WFV
土壤分类,所用传感器,AHSI
土壤分类,所用传感器,TM
土壤分类,所用传感器,MODIS
土壤分类,所用传感器,CCD相机
农膜空间分布信息和使用量,所用传感器,WFV
监测土壤水分,所用传感器,SAR-C(Sentinel1)
监测土壤水分,所用传感器,OLI
监测土壤水分,所用传感器,OLI
监测土壤水分,所用传感器,ETM+
监测土壤水分,所用传感器,SAR-C(GF-3)
监测土壤水分,所用传感器,MODIS
苹果冠层参数定量,所用传感器,PMS
苹果冠层参数定量,所用传感器,HRS
小麦长势监测,所用传感器,OLI
小麦长势监测,所用传感器,OLI2
小麦长势监测,所用传感器,MSI
小麦长势监测,所用传感器,MODIS
玉米长势监测,所用传感器,MODIS
玉米长势监测,所用传感器,WFV
玉米长势监测,所用传感器,PMS(GF-2)
玉米长势监测,所用传感器,SAR-C(Sentinel1)
油菜长势监测,所用传感器,WFV
油菜长势监测,所用传感器,PMS(GF-2)
油菜长势监测,所用传感器,MODIS
油菜长势监测,所用传感器,TM
烟草长势监测,所用传感器,SAR-X(TerraSAR)
烟草长势监测,所用传感器,TM
棉花长势监测,所用传感器,OLI
棉花长势监测,所用传感器,OLI2
棉花长势监测,所用传感器,HRCC
棉花长势监测,所用传感器,CCD相机
大豆长势监测,所用传感器,CCD相机
大豆长势监测,所用传感器,MODIS
水稻长势监测,所用传感器,CCD相机
水稻长势监测,所用传感器,WFV
水稻长势监测,所用传感器,MERSI-II
水稻长势监测,所用传感器,ASAR
小麦产量监测,所用传感器,WFV
小麦产量监测,所用传感器,PMS
小麦产量监测,所用传感器,CCD相机
小麦产量监测,所用传感器,MODIS
棉花产量监测,所用传感器,MSI
棉花产量监测,所用传感器,OLI
棉花产量监测,所用传感器,OLI2
棉花产量监测,所用传感器,TM
水稻产量监测,所用传感器,MODIS
水稻产量监测,所用传感器,PMS
水稻产量监测,所用传感器,CCD相机
玉米产量监测,所用传感器,MSI
玉米产量监测,所用传感器,MODIS
玉米产量监测,所用传感器,TM
玉米产量监测,所用传感器,WFV
棉花种植面积监测,所用传感器,WFV(GF-6)
棉花种植面积监测,所用传感器,TM
棉花种植面积监测,所用传感器,OLI
棉花种植面积监测,所用传感器,OLI2
棉花种植面积监测,所用传感器,MSI
棉花种植面积监测,所用传感器,PMS(GF-2)
棉花种植面积监测,所用传感器,CCD相机
玉米种植面积监测,所用传感器,MSI
玉米种植面积监测,所用传感器,MODIS
玉米种植面积监测,所用传感器,ETM+
烟草种植面积监测,所用传感器,MSI
烟草种植面积监测,所用传感器,PMS(GF-2)
烟草种植面积监测,所用传感器,三线阵测绘相机
小麦种植面积监测,所用传感器,MSI
小麦种植面积监测,所用传感器,WFV
小麦种植面积监测,所用传感器,PMS
小麦种植面积监测,所用传感器,CCD相机
小麦种植面积监测,所用传感器,OLI
小麦种植面积监测,所用传感器,OLI2
小麦种植面积监测,所用传感器,MODIS
苹果种植面积监测,所用传感器,MSI
苹果种植面积监测,所用传感器,WFV
大豆种植面积监测,所用传感器,MSI
大豆种植面积监测,所用传感器,SAR-C(Sentinel1)
大豆种植面积监测,所用传感器,PMS
甘蔗种植面积监测,所用传感器,MSI
甘蔗种植面积监测,所用传感器,OLI
甘蔗种植面积监测,所用传感器,OLI2
甘蔗种植面积监测,所用传感器,PMS(GF-2)
甘蔗种植面积监测,所用传感器,VHRI-100
水稻种植面积监测,所用传感器,SAR-C(Sentinel1)
水稻种植面积监测,所用传感器,MSI
水稻种植面积监测,所用传感器,MODIS
水稻种植面积监测,所用传感器,WFV(GF-6)
水稻种植面积监测,所用传感器,OLI
水稻种植面积监测,所用传感器,OLI2
水稻种植面积监测,所用传感器,WFV
中药资源种植面积监测,所用传感器,TM
中药资源种植面积监测,所用传感器,MSI
中药资源种植面积监测,所用传感器,三线阵测绘相机
中药资源种植面积监测,所用传感器,OLI
中药资源种植面积监测,所用传感器,OLI2
中药资源种植面积监测,所用传感器,PMS
马铃薯种植面积监测,所用传感器,MSI
马铃薯种植面积监测,所用传感器,OLI
马铃薯种植面积监测,所用传感器,OLI2
马铃薯种植面积监测,所用传感器,PMS(GF-2)
白芍种植面积监测,所用传感器,三线阵测绘相机
大蒜种植面积监测,所用传感器,OLI
大蒜种植面积监测,所用传感器,OLI2
大蒜种植面积监测,所用传感器,WFV
番茄种植面积监测,所用传感器,PMS(GF-2)
番茄种植面积监测,所用传感器,PMS
辣椒种植面积监测,所用传感器,PMS(GF-2)
花生种植面积监测,所用传感器,WFV
花生种植面积监测,所用传感器,MSI
花生种植面积监测,所用传感器,TM
艾草种植面积监测,所用传感器,WFV(GF-6)
艾草种植面积监测,所用传感器,WFV
三七种植面积监测,所用传感器,OLI
三七种植面积监测,所用传感器,OLI2
三七种植面积监测,所用传感器,PMS
三七种植面积监测,所用传感器,MSI
枸杞种植面积监测,所用传感器,OLI
枸杞种植面积监测,所用传感器,OLI2
枸杞种植面积监测,所用传感器,PMS
枸杞种植面积监测,所用传感器,MSI
油菜种植面积监测,所用传感器,MSI
油菜种植面积监测,所用传感器,WFV(GF-6)
油菜种植面积监测,所用传感器,MODIS
油菜种植面积监测,所用传感器,CCD相机
柑橘种植面积提取,所用传感器,MODIS
柑橘种植面积提取,所用传感器,CCD相机
玉米种植分布情况识别,所用传感器,MSI
玉米种植分布情况识别,所用传感器,MODIS
玉米种植分布情况识别,所用传感器,ETM+
烟草种植分布情况识别,所用传感器,MSI
烟草种植分布情况识别,所用传感器,PMS(GF-2)
烟草种植分布情况识别,所用传感器,三线阵测绘相机
小麦种植分布情况识别,所用传感器,MSI
小麦种植分布情况识别,所用传感器,WFV
小麦种植分布情况识别,所用传感器,PMS
小麦种植分布情况识别,所用传感器,CCD相机
小麦种植分布情况识别,所用传感器,OLI
小麦种植分布情况识别,所用传感器,OLI2
小麦种植分布情况识别,所用传感器,MODIS
苹果种植分布情况识别,所用传感器,MSI
苹果种植分布情况识别,所用传感器,WFV
棉花种植分布情况识别,所用传感器,WFV(GF-6)
棉花种植分布情况识别,所用传感器,TM
棉花种植分布情况识别,所用传感器,OLI
棉花种植分布情况识别,所用传感器,OLI2
棉花种植分布情况识别,所用传感器,MSI
棉花种植分布情况识别,所用传感器,PMS(GF-2)
棉花种植分布情况识别,所用传感器,CCD相机
大豆种植分布情况识别,所用传感器,MSI
大豆种植分布情况识别,所用传感器,SAR-C(Sentinel1)
大豆种植分布情况识别,所用传感器,PMS
甘蔗种植分布情况识别,所用传感器,MSI
甘蔗种植分布情况识别,所用传感器,OLI
甘蔗种植分布情况识别,所用传感器,OLI2
甘蔗种植分布情况识别,所用传感器,PMS(GF-2)
甘蔗种植分布情况识别,所用传感器,VHRI-100
水稻种植分布情况识别,所用传感器,SAR-C(Sentinel1)
水稻种植分布情况识别,所用传感器,MSI
水稻种植分布情况识别,所用传感器,MODIS
水稻种植分布情况识别,所用传感器,WFV(GF-6)
水稻种植分布情况识别,所用传感器,OLI
水稻种植分布情况识别,所用传感器,OLI2
水稻种植分布情况识别,所用传感器,WFV
中药资源种植分布情况识别,所用传感器,TM
中药资源种植分布情况识别,所用传感器,MSI
中药资源种植分布情况识别,所用传感器,三线阵测绘相机
中药资源种植分布情况识别,所用传感器,OLI
中药资源种植分布情况识别,所用传感器,OLI2
中药资源种植分布情况识别,所用传感器,PMS
马铃薯种植分布情况识别,所用传感器,MSI
马铃薯种植分布情况识别,所用传感器,OLI
马铃薯种植分布情况识别,所用传感器,OLI2
马铃薯种植分布情况识别,所用传感器,PMS(GF-2)
白芍种植分布情况识别,所用传感器,三线阵测绘相机
大蒜种植分布情况识别,所用传感器,OLI
大蒜种植分布情况识别,所用传感器,OLI2
大蒜种植分布情况识别,所用传感器,WFV
番茄种植分布情况识别,所用传感器,PMS(GF-2)
番茄种植分布情况识别,所用传感器,PMS
辣椒种植分布情况识别,所用传感器,PMS(GF-2)
花生种植分布情况识别,所用传感器,WFV
花生种植分布情况识别,所用传感器,MSI
花生种植分布情况识别,所用传感器,TM
艾草种植分布情况识别,所用传感器,WFV(GF-6)
艾草种植分布情况识别,所用传感器,WFV
三七种植分布情况识别,所用传感器,OLI
三七种植分布情况识别,所用传感器,OLI2
三七种植分布情况识别,所用传感器,PMS
三七种植分布情况识别,所用传感器,MSI
枸杞种植分布情况识别,所用传感器,OLI
枸杞种植分布情况识别,所用传感器,OLI2
枸杞种植分布情况识别,所用传感器,PMS
枸杞种植分布情况识别,所用传感器,MSI
油菜种植分布情况识别,所用传感器,MSI
油菜种植分布情况识别,所用传感器,WFV(GF-6)
油菜种植分布情况识别,所用传感器,MODIS
油菜种植分布情况识别,所用传感器,CCD相机
苜蓿种植面积提取,所用传感器,MSI
苜蓿种植面积提取,所用传感器,TM
矿山地质环境恢复治理遥感监测,所用传感器,ASTER
矿山地质环境恢复治理遥感监测,所用传感器,WV110(WorldView-2)
矿山地质环境恢复治理遥感监测,所用传感器,PMS(GF-2)
矿山地质环境恢复治理遥感监测,所用传感器,OLI
矿山地质环境恢复治理遥感监测,所用传感器,OLI2
矿山地质环境恢复治理遥感监测,所用传感器,WFV
矿山地质环境恢复治理遥感监测,所用传感器,双线阵立体相机
矿山地质环境恢复治理遥感监测,所用传感器,三线阵测绘相机
矿山地质环境恢复治理遥感监测,所用传感器,NAOMI
矿山地质环境恢复治理遥感监测,所用传感器,NAOMI
矿产资源快速勘查,所用传感器,OLI
矿产资源快速勘查,所用传感器,OLI2
矿产资源快速勘查,所用传感器,WV110(WorldView-3)
矿产资源快速勘查,所用传感器,AHSI
矿产资源快速勘查,所用传感器,ASTER
矿产资源快速勘查,所用传感器,ETM+
白岗岩型铀矿成矿要素识别,所用传感器,ASTER
白岗岩型铀矿成矿要素识别,所用传感器,BGIS2000
岩矿石蚀变异常信息提取,所用传感器,OLI
岩矿石蚀变异常信息提取,所用传感器,ETM+
岩矿石蚀变异常信息提取,所用传感器,ASTER
岩矿石蚀变异常信息提取,所用传感器,WV110(WorldView-2)
岩矿石蚀变异常信息提取,所用传感器,AHSI
岩矿石蚀变异常信息提取,所用传感器,MSI
岩性识别,所用传感器,OLI
岩性识别,所用传感器,PMS
岩性识别,所用传感器,SAR-C(Sentinel1)
岩性识别,所用传感器,ASTER
岩性识别,所用传感器,WV110(WorldView-2)
岩浆岩识别,所用传感器,ASTER
岩浆岩识别,所用传感器,OLI
岩浆岩识别,所用传感器,OLI2
变质岩识别,所用传感器,WV110(WorldView-2)
变质岩识别,所用传感器,ASTER
花岗岩识别,所用传感器,WV110(WorldView-2)
花岗岩识别,所用传感器,ASTER
花岗岩识别,所用传感器,GIS
岩性识别填图,所用传感器,Hyperion
富钾岩石遥感信息提取,所用传感器,ASTER
线性构造识别,所用传感器,OLI
线性构造识别,所用传感器,WV110(WorldView-2)
线性构造识别,所用传感器,PMS(GF-2)
线性构造识别,所用传感器,三线阵测绘相机
找矿预测,所用传感器,PMS
找矿预测,所用传感器,OLI
找矿预测,所用传感器,ASTER
矿山地质环境调查,所用传感器,ASTER
矿山地质环境调查,所用传感器,WV110(WorldView-2)
矿山地质环境调查,所用传感器,PMS(GF-2)
矿山地质环境调查,所用传感器,OLI2
矿山地质环境调查,所用传感器,双线阵立体相机
矿山地质环境调查,所用传感器,三线阵测绘相机
生态环境地质调查,所用传感器,OLI
生态环境地质调查,所用传感器,TM
生态环境地质调查,所用传感器,三线阵测绘相机
生态环境地质调查,所用传感器,PMS
砂岩铀矿控矿构造识别与分析,所用传感器,ETM+
砂岩型铀成矿条件调查,所用传感器,ETM+
铀矿区油气还原蚀变提取和分析,所用传感器,ASTER
铀矿区油气还原蚀变提取和分析,所用传感器,ETM+
铀成矿带识别,所用传感器,AHSI
铀成矿带识别,所用传感器,ASTER
铀成矿带识别,所用传感器,BGIS2000
风化层厚度制图,所用传感器,PMS(GF-2)
风化层厚度制图,所用传感器,ASTER
地质构造解译,所用传感器,WV110(WorldView-2)
地质构造解译,所用传感器,OLI
地质构造解译,所用传感器,PMS(GF-2)
地质构造解译,所用传感器,ETM+
岩石空间分布特征识别,所用传感器,PMS
矿山范围内地表形变动态监测,所用传感器,SAR-C(Sentinel1)
火山口开口方向解译分析,所用传感器,TM
玄武岩流向解译分析,所用传感器,TM
确定新生代玄武岩强富水区,所用传感器,TM
圈定地表油气异常,所用传感器,ETM+
圈定地表油气异常,所用传感器,Hyperion
圈定地表油气异常,所用传感器,TM
矿区地表塌陷监测,所用传感器,ASTER
矿区地表塌陷监测,所用传感器,MSI
矿区地表塌陷监测,所用传感器,OLI
矿区地表塌陷监测,所用传感器,ETM+
矿区地表塌陷监测,所用传感器,PMS(GF-2)
矿区地表塌陷监测,所用传感器,SAR-C(GF-3)
地下水动态监测,所用传感器,SAR-C(Sentinel1)
地下煤层火区识别与监测,所用传感器,TIRS
地下煤层火区识别与监测,所用传感器,TIRS2
地下煤层火区识别与监测,所用传感器,MODIS
地下煤层火区识别与监测,所用传感器,SAR-C(Sentinel1)
地下煤层火区识别与监测,所用传感器,TM
矿区地下非法开采监测,所用传感器,SAR-C(GF-3)
矿区地下非法开采监测,所用传感器,SAR-C(GF-3)
火山灰云识别,所用传感器,MODIS
道路准确提取,所用传感器,WV110(WorldView-3)
道路准确提取,所用传感器,PMS(GF-2)
道路准确提取,所用传感器,PMS
道路养护故障检测系统,所用传感器,PMS(GF-2)
道路养护故障检测系统,所用传感器,PMS
城市植被绿地监测,所用传感器,TM
城市植被绿地监测,所用传感器,HRCC
城市植被绿地监测,所用传感器,OSA
城市植被绿地监测,所用传感器,BGIS2000
城市植被分类,所用传感器,MSI
城市绿地系统评价,所用传感器,BGIS2000
城市用地监测,所用传感器,TIRS
城市用地监测,所用传感器,TM
城市用地监测,所用传感器,OLS
城市热岛效应检测,所用传感器,OLI
城市热岛效应检测,所用传感器,MODIS
城市热岛效应检测,所用传感器,AVHRR
城市热岛效应检测,所用传感器,红外多光谱相机
城市热岛效应检测,所用传感器,VIRR
城市热岛效应检测,所用传感器,MERSI-1
城市土地利用变化研究,所用传感器,OLI
城市土地利用变化研究,所用传感器,TM
城市土地利用变化研究,所用传感器,PMS(GF-2)
城市土地利用变化研究,所用传感器,PMS(GF-6)
城市土地利用变化研究,所用传感器,WFV
城市路网监测,所用传感器,WV110(WorldView-3)
城市路网监测,所用传感器,PMS(GF-2)
城市路网监测,所用传感器,PMS
城区表面太阳辐射量化,所用传感器,TIRS
城区表面太阳辐射量化,所用传感器,TIRS2
车辆目标信息获取,所用传感器,PMS(GF-2)
建筑物基坑信息提取,所用传感器,PMS(GF-2)
建筑物单体信息提取,所用传感器,PMS(GF-2)
建筑物高度信息提取,所用传感器,SAR-C(GF-3)
建筑物高度信息提取,所用传感器,PMS(GF-2)
建筑物高度信息提取,所用传感器,WV110(WorldView-2)
建筑物高度信息提取,所用传感器,双线阵立体相机
建筑物高度信息提取,所用传感器,VHRI-100
大遗址调查研究,所用传感器,TM
遗存及周边环境研究,所用传感器,TM
城市发展情况检测,所用传感器,VIIRS(SNPP)
城市发展情况检测,所用传感器,OLS
人类活动监测,所用传感器,PMS(GF-2)
人类活动监测,所用传感器,WFV
人类活动监测,所用传感器,三线阵测绘相机
住房空置率监测,所用传感器,PMS(GF-2)
夜间目标识别,所用传感器,AVHRR
夜间城市监测,所用传感器,VIIRS(SNPP)
光污染研究,所用传感器,VIIRS(SNPP)
光污染研究,所用传感器,OLS
城市人工地物提取,所用传感器,BGIS2000
大比例尺遥感制图,所用传感器,TM
大比例尺遥感制图,所用传感器,BGIS2000
大比例尺遥感制图,所用传感器,HRG
城市规划检测,所用传感器,BGIS2000
城市规划检测,所用传感器,OSA
城市规划检测,所用传感器,OSA
违章建筑监测,所用传感器,PMS(GF-2)
违章建筑监测,所用传感器,VHRI-100
违章建筑监测,所用传感器,WV110(WorldView-3)
城市扩展对耕地占用研究,所用传感器,TM
城市扩展对耕地占用研究,所用传感器,ETM+
城市地表热环境变化研究,所用传感器,MODIS
城市地表热环境变化研究,所用传感器,OLS
城市地表热环境变化研究,所用传感器,TM
城市地表温度分布图制作,所用传感器,TIRS
城市地表温度分布图制作,所用传感器,TIRS2
城市地表温度分布图制作,所用传感器,ASTER
建设用地调查,所用传感器,PMS
建设用地调查,所用传感器,TM
建设用地调查,所用传感器,OLI
建设用地调查,所用传感器,PMS(GF-2)
建设用地调查,所用传感器,OLS
建筑物用途精细分类,所用传感器,PMS
建筑物用途精细分类,所用传感器,WV110(WorldView-3)
建筑物用途精细分类,所用传感器,BGIS2000
建筑物用途精细分类,所用传感器,BGIS2000
城市扩张监测,所用传感器,ETM+
城市扩张监测,所用传感器,TM
城市扩张监测,所用传感器,OLS
城市扩张监测,所用传感器,MODIS
公路灾害监测与评估,所用传感器,PMS
公路灾害监测与评估,所用传感器,SAR-C(GF-3)
公路灾害监测与评估,所用传感器,SAR-C(Sentinel1)
城市绿地结构布局检测,所用传感器,TM
城市绿地结构布局检测,所用传感器,OLI
城市绿地结构布局检测,所用传感器,Hyperion
城市绿地结构布局检测,所用传感器,MSI
城市绿地结构布局检测,所用传感器,HSI(EnMAP)
城市绿地结构布局检测,所用传感器,HRG
城市绿量计算,所用传感器,MSI
城市绿量计算,所用传感器,WV110(WorldView-2)
城市环境动态监测,所用传感器,BGIS2000
城市容积率估计,所用传感器,HiRI
城市公共空间信息提取,所用传感器,PMS
新增建筑物自动检测,所用传感器,PMS(GF-2)
新增建筑物自动检测,所用传感器,三线阵测绘相机
森林火灾检测/监测,所用传感器,MERSI-1
森林火灾检测/监测,所用传感器,MODIS
森林火灾检测/监测,所用传感器,AHI-8
森林火灾检测/监测,所用传感器,凝视相机
森林树种识别,所用传感器,MSI
森林树种识别,所用传感器,HR相机
森林树种识别,所用传感器,PMS(GF-2)
森林树种识别,所用传感器,OLI
森林树种识别,所用传感器,SAR-C(Sentinel1)
森林树种识别,所用传感器,WV110(WorldView-2)
红树林识别,所用传感器,MSI
红树林识别,所用传感器,OLI
红树林识别,所用传感器,PMS
森林资源监测,所用传感器,PMS
森林资源监测,所用传感器,OLI
森林资源监测,所用传感器,PMS(GF-2)
林业生态工程监测,所用传感器,PMS
森林郁闭度估测,所用传感器,OLI
森林郁闭度估测,所用传感器,MSI
森林郁闭度估测,所用传感器,ATLAS
森林郁闭度估测,所用传感器,PMS
森林郁闭度估测,所用传感器,Hyperion
森林郁闭度估测,所用传感器,三线阵测绘相机
松材线虫病监测,所用传感器,MSI
松材线虫病监测,所用传感器,TIRS
松材线虫病监测,所用传感器,TIRS2
松材线虫病监测,所用传感器,双线阵立体相机
松材线虫病监测,所用传感器,VHRI-100
针叶林空间分布提取,所用传感器,MSI
阔叶林空间分布提取,所用传感器,MSI
阔叶林空间分布提取,所用传感器,CCD相机
森林蓄积量估测,所用传感器,MSI
森林蓄积量估测,所用传感器,OLI
森林蓄积量估测,所用传感器,OLI2
森林蓄积量估测,所用传感器,SAR-C(Sentinel1)
森林蓄积量估测,所用传感器,SAR-C(GF-3)
森林蓄积量估测,所用传感器,PALSAR
森林资源变化监测,所用传感器,PMS
森林资源变化监测,所用传感器,PMS(GF-2)
森林资源变化监测,所用传感器,OLI
竹林信息提取,所用传感器,MSI
竹林信息提取,所用传感器,PMS(GF-2)
竹林信息提取,所用传感器,TM
竹林信息提取,所用传感器,MODIS
竹林信息提取,所用传感器,HRG
叶面积指数反演,所用传感器,MSI
叶面积指数反演,所用传感器,OLI
叶面积指数反演,所用传感器,PMS
叶面积指数反演,所用传感器,WFV(GF-6)
叶面积指数反演,所用传感器,MODIS
森林病虫害遥感监测,所用传感器,MSI
森林病虫害遥感监测,所用传感器,PMS
森林病虫害遥感监测,所用传感器,PMS(GF-6)
森林病虫害遥感监测,所用传感器,OLI
林隙研究,所用传感器,ASAR
林隙研究,所用传感器,SAR-C(Sentinel1)
林隙研究,所用传感器,SAR-C(RadarSat)
森林健康状态评价,所用传感器,TM
森林健康状态评价,所用传感器,OLI
森林健康状态评价,所用传感器,HRG
油松冠层可燃物含水率反演研究,所用传感器,MSI
输电线路山火监测与报警,所用传感器,MERSI-II
输电线路山火监测与报警,所用传感器,AVHRR
马尾松毛虫害信息提取,所用传感器,HRS
森林生物量遥感估测,所用传感器,SAR-C(Sentinel1)
森林生物量遥感估测,所用传感器,OLI
森林生物量遥感估测,所用传感器,MSI
森林生物量遥感估测,所用传感器,PMS(GF-2)
森林生物量遥感估测,所用传感器,PALSAR
森林生物量探测,所用传感器,SAR-C(Sentinel1)
森林生物量探测,所用传感器,OLI
森林生物量探测,所用传感器,MSI
森林生物量探测,所用传感器,PMS(GF-2)
森林生物量探测,所用传感器,PALSAR
温室气体浓度信息获取,所用传感器,TANSO-CAI
温室气体浓度信息获取,所用传感器,TROPOMI
温室气体浓度信息获取,所用传感器,OMI
温室气体浓度信息获取,所用传感器,OCO spectrometer
气溶胶光学厚度监测,所用传感器,OLI
气溶胶光学厚度监测,所用传感器,ASTER
气溶胶光学厚度监测,所用传感器,GOCI
气溶胶光学厚度监测,所用传感器,CCD相机
气溶胶光学厚度监测,所用传感器,MERSI-II
地表温度反演,所用传感器,TIRS
地表温度反演,所用传感器,TIRS2
地表温度反演,所用传感器,ASTER
季节温差分布特点分析,所用传感器,TIRS
季节温差分布特点分析,所用传感器,TIRS2
季节温差分布特点分析,所用传感器,SLSTR
季节温差分布特点分析,所用传感器,MVISR
季节温差分布特点分析,所用传感器,红外多光谱相机
大气CO2卫星遥感反演,所用传感器,OCO spectrometer
大气CO2卫星遥感反演,所用传感器,OCO spectrometer
城市热岛效应时空特征分析,所用传感器,OLI
城市热岛效应时空特征分析,所用传感器,MODIS
城市热岛效应时空特征分析,所用传感器,AVHRR
城市热岛效应时空特征分析,所用传感器,红外多光谱相机
城市热岛效应时空特征分析,所用传感器,VIRR
城市热岛效应时空特征分析,所用传感器,MERSI-1
大气细颗粒物PM2.5的遥感反演,所用传感器,MODIS
大气细颗粒物PM2.5的遥感反演,所用传感器,TM
大气细颗粒物PM2.5的遥感反演,所用传感器,AHI-8
细粒子气溶胶光学厚度反演,所用传感器,OLI
细粒子气溶胶光学厚度反演,所用传感器,ASTER
细粒子气溶胶光学厚度反演,所用传感器,GOCI
细粒子气溶胶光学厚度反演,所用传感器,CCD相机
细粒子气溶胶光学厚度反演,所用传感器,MERSI-II
近地面颗粒物浓度反演,所用传感器,ASTER
XCO2时空分布特征分析,所用传感器,OCO spectrometer
XCO2时空分布特征分析,所用传感器,OCO spectrometer
XCO2时空分布特征分析,所用传感器,TANSO-CAI
XCO2时空分布特征分析,所用传感器,TROPOMI
典型路段冻土分布反演,所用传感器,AHSI
典型路段冻土分布反演,所用传感器,MODIS
CH4遥感反演研究,所用传感器,TANSO-FTS
CH4遥感反演研究,所用传感器,TANSO-FTS-2
污染地区气溶胶类型研究,所用传感器,MSI
污染地区气溶胶类型研究,所用传感器,MODIS
泥沙指数反演,所用传感器,OLI
泥沙指数反演,所用传感器,WV110(WorldView-2)
泥沙指数反演,所用传感器,CCD相机
泥沙指数反演,所用传感器,MERSI-1
泥沙指数反演,所用传感器,Hyperion
泥沙指数反演,所用传感器,AVHRR
河流提取,所用传感器,PMS
河流提取,所用传感器,TM
河流提取,所用传感器,OLI
河流提取,所用传感器,WV110(WorldView-2)
地表水遥感监测应用,所用传感器,OLI
地表水遥感监测应用,所用传感器,TM
地表水遥感监测应用,所用传感器,MSI
武汉汤逊湖的氨氮、总磷和化学需氧量遥感反演,所用传感器,WFV
武汉汤逊湖的氨氮、总磷和化学需氧量遥感反演,所用传感器,OLI
武汉汤逊湖的氨氮、总磷和化学需氧量遥感反演,所用传感器,MSI
武汉汤逊湖的氨氮、总磷和化学需氧量遥感反演,所用传感器,GOCI
松花江流域总磷浓度反演,所用传感器,WFV
松花江流域总磷浓度反演,所用传感器,OLI
松花江流域总磷浓度反演,所用传感器,MSI
松花江流域总磷浓度反演,所用传感器,GOCI
松花江流域高锰酸盐指数浓度反演,所用传感器,WFV
松花江流域高锰酸盐指数浓度反演,所用传感器,OLI
松花江流域高锰酸盐指数浓度反演,所用传感器,MSI
松花江流域高锰酸盐指数浓度反演,所用传感器,GOCI
松花江流域氨氮浓度反演,所用传感器,WFV
松花江流域氨氮浓度反演,所用传感器,OLI
松花江流域氨氮浓度反演,所用传感器,MSI
松花江流域氨氮浓度反演,所用传感器,GOCI
松花江流域化学需氧量浓度反演,所用传感器,WFV
松花江流域化学需氧量浓度反演,所用传感器,OLI
松花江流域化学需氧量浓度反演,所用传感器,MSI
松花江流域化学需氧量浓度反演,所用传感器,GOCI
陆表水面面积估算,所用传感器,MODIS
水质监测,所用传感器,OLI
水质监测,所用传感器,MSI
水质监测,所用传感器,OLI2
水质监测,所用传感器,WFV
水质监测,所用传感器,CZI
水质监测,所用传感器,OLCI
海洋灾害监测,所用传感器,TM
海洋灾害监测,所用传感器,HRG
海洋灾害监测,所用传感器,AVHRR
水土流失情况调查,所用传感器,PMS
水土流失情况调查,所用传感器,OLI
水土流失情况调查,所用传感器,ETM+
水土流失情况调查,所用传感器,WFV(GF-6)
水土流失情况调查,所用传感器,MODIS
湖泊面积变化分析,所用传感器,OLI
湖泊面积变化分析,所用传感器,ETM+
湖泊面积变化分析,所用传感器,WFV(GF-6)
湖泊面积变化分析,所用传感器,OLI
水体识别,所用传感器,MSI
水体识别,所用传感器,OLI
水体识别,所用传感器,CCD相机
水体识别,所用传感器,WFV
研究黄前水库水源地保护区的植被覆盖度,所用传感器,OLI
海面高度和有效波高探测,所用传感器,ALT
海面溢油探测,所用传感器,WFV
海面溢油探测,所用传感器,SAR-C(Sentinel1)
海面溢油探测,所用传感器,SAR-2000
海面溢油探测,所用传感器,CZI
海冰探测,所用传感器,SAR-C(RadarSat)
海冰探测,所用传感器,SAR-C(Sentinel1)
海冰探测,所用传感器,MWRI-1(微波成像仪)
海冰探测,所用传感器,AMSR2
海冰探测,所用传感器,CZI
水边线提取,所用传感器,MSI
水边线提取,所用传感器,OLI
水边线提取,所用传感器,ATLAS
水边线提取,所用传感器,三线阵测绘相机
水利设施监测,所用传感器,SAR-C(GF-3)
河口水质反演,所用传感器,AHSI
河口水质反演,所用传感器,MODIS
河口水质反演,所用传感器,CCD相机
河口水质反演,所用传感器,OLI
河口水体富营养监测,所用传感器,OLI
河口水体富营养监测,所用传感器,MSI
灌溉面积估算,所用传感器,OLI
灌溉面积估算,所用传感器,WFV
湖泊蓝藻水华监测分析,所用传感器,OLI
湖泊蓝藻水华监测分析,所用传感器,凝视相机
湖泊蓝藻水华监测分析,所用传感器,CZI
水体富营养化情况监测,所用传感器,WFV
水体富营养化情况监测,所用传感器,AHSI
水体富营养化情况监测,所用传感器,CCD相机
水体富营养化情况监测,所用传感器,MODIS
复杂水体信息进行提取,所用传感器,PMS
复杂水体信息进行提取,所用传感器,PMS(GF-6)
复杂水体信息进行提取,所用传感器,PMS(GF-2)
复杂水体信息进行提取,所用传感器,OLI
水体信息提取,所用传感器,PMS
水体信息提取,所用传感器,PMS(GF-6)
水体信息提取,所用传感器,PMS(GF-2)
水体信息提取,所用传感器,OLI
地表水热通量研究,所用传感器,MODIS
地表水热通量研究,所用传感器,TM
地表能量平衡研究,所用传感器,MODIS
冰情解译,所用传感器,OLI
冰情解译,所用传感器,MSI
冰情解译,所用传感器,ETM+
作物种植结构遥感监测,所用传感器,MSI
作物种植结构遥感监测,所用传感器,MODIS
作物种植结构遥感监测,所用传感器,OLI
作物种植结构遥感监测,所用传感器,WFV
作物种植结构遥感监测,所用传感器,WFV(GF-6)
作物种植结构遥感监测,所用传感器,PMS(GF-2)
作物种植结构遥感监测,所用传感器,AHSI
悬浮泥沙浓度反演,所用传感器,OLI
悬浮泥沙浓度反演,所用传感器,WV110(WorldView-2)
悬浮泥沙浓度反演,所用传感器,CCD相机
悬浮泥沙浓度反演,所用传感器,MERSI-II
悬浮泥沙浓度反演,所用传感器,Hyperion
赤潮检测,所用传感器,CZI
赤潮检测,所用传感器,MERSI-II
赤潮检测,所用传感器,GOCI
赤潮检测,所用传感器,WFV
赤潮检测,所用传感器,OLCI
赤潮检测,所用传感器,CCD相机
获取河道下垫面信息,所用传感器,AVNIR-2
积雪检测,所用传感器,TOMS
积雪检测,所用传感器,OLS
积雪检测,所用传感器,PALSAR
珠江口污染物分布,所用传感器,WV110(WorldView-2)
珠江口污染物分布,所用传感器,ETM+
珠江口污染物分布,所用传感器,OLI
珠江口污染物分布,所用传感器,CCD相机
珠江口污染物分布,所用传感器,HRG
核电站温排水遥感监测,所用传感器,OLI
核电站温排水遥感监测,所用传感器,CCD相机
不透水面信息的提取,所用传感器,OLI
不透水面信息的提取,所用传感器,MSI
不透水面信息的提取,所用传感器,SAR-C(Sentinel1)
不透水面信息的提取,所用传感器,VIIRS(SNPP)
悬浮物浓度反演,所用传感器,OLCI
悬浮物浓度反演,所用传感器,OLI
悬浮物浓度反演,所用传感器,MSI
地质灾害对道路影响评估,所用传感器,PMS(GF-2)
地质灾害对道路影响评估,所用传感器,WFV
矿区地质灾害监测防治,所用传感器,SAR-C(Sentinel1)
矿区地质灾害监测防治,所用传感器,MSI
矿区地质灾害监测防治,所用传感器,HiRI
矿区地质灾害监测防治,所用传感器,三线阵测绘相机
地震应急调查,所用传感器,WFV
地震应急调查,所用传感器,PMS(GF-2)
地震应急调查,所用传感器,SAR-C(Sentinel1)
地震应急调查,所用传感器,SAR-X(TerraSAR)
地质灾害识别解译,所用传感器,SAR-C(Sentinel1)
地质灾害识别解译,所用传感器,MSI
地质灾害识别解译,所用传感器,HiRI
地质灾害识别解译,所用传感器,三线阵测绘相机
地质灾害调查评价,所用传感器,SAR-C(Sentinel1)
地质灾害调查评价,所用传感器,MSI
地质灾害调查评价,所用传感器,HiRI
地质灾害调查评价,所用传感器,三线阵测绘相机
地质灾害长期监测,所用传感器,SAR-C(Sentinel1)
地质灾害长期监测,所用传感器,MSI
地质灾害长期监测,所用传感器,HiRI
地质灾害长期监测,所用传感器,三线阵测绘相机
地质灾害应急响应,所用传感器,SAR-C(Sentinel1)
地质灾害应急响应,所用传感器,MSI
地质灾害应急响应,所用传感器,HiRI
地质灾害应急响应,所用传感器,三线阵测绘相机
地质灾害VR展示,所用传感器,SAR-C(Sentinel1)
水旱灾害监测评估,所用传感器,TM
水旱灾害监测评估,所用传感器,SAR-C(Sentinel1)
水旱灾害监测评估,所用传感器,MERSI-II
水旱灾害监测评估,所用传感器,CCD相机
水旱灾害监测评估,所用传感器,MODIS
高位滑坡应急监测,所用传感器,VHRI-100
高位滑坡应急监测,所用传感器,PMS(GF-2)
高位滑坡应急监测,所用传感器,WV110(WorldView-2)
油气管道地质灾害面识别与监测,所用传感器,SAR-C(Sentinel1)
地震灾区滑坡信息获取,所用传感器,SAR-C(Sentinel1)
地震灾区滑坡信息获取,所用传感器,WFV
地震灾区滑坡信息获取,所用传感器,MSI
灾害道路滑坡进行监测和评估,所用传感器,PMS(GF-2)
灾害道路滑坡进行监测和评估,所用传感器,PMS
灾害道路滑坡进行监测和评估,所用传感器,SAR-C(GF-3)
浒苔自然灾害,所用传感器,MODIS
浒苔自然灾害,所用传感器,ASAR
浒苔自然灾害,所用传感器,SAR-C(RadarSat)
浒苔自然灾害,所用传感器,CZI
建筑物震害信息获取,所用传感器,SAR-C(RadarSat)
建筑物震害信息获取,所用传感器,PMS
建筑物震害信息获取,所用传感器,PMS(GF-2)
建筑物震害信息获取,所用传感器,BGIS2000
建筑物震害信息获取,所用传感器,SAR-2000
地面沉降监测,所用传感器,SAR-C(RadarSat)
地面沉降监测,所用传感器,PMS(GF-2)
地面沉降监测,所用传感器,SAR-C(Sentinel1)
地面沉降监测,所用传感器,PALSAR
地表形变侦测和分析,所用传感器,MSI
地表形变侦测和分析,所用传感器,SAR-C(Sentinel1)
地表形变侦测和分析,所用传感器,PALSAR
地表形变侦测和分析,所用传感器,ASAR
洪涝灾害遥感监测,所用传感器,SAR-C(Sentinel1)
洪涝灾害遥感监测,所用传感器,MERSI-1
洪涝灾害遥感监测,所用传感器,CCD相机
滑坡灾害分布范围获取,所用传感器,SAR-C(Sentinel1)
滑坡灾害分布范围获取,所用传感器,MSI
滑坡灾害分布范围获取,所用传感器,WFV
水旱灾害遥感监测,所用传感器,TM
水旱灾害遥感监测,所用传感器,SAR-C(Sentinel1)
水旱灾害遥感监测,所用传感器,MERSI-II
水旱灾害遥感监测,所用传感器,CCD相机
水旱灾害遥感监测,所用传感器,MODIS
水电站边坡风险识别及应用研究,所用传感器,SAR-C(Sentinel1)
中国湿地分布的初步遥感制图,所用传感器,OLI
中国湿地分布的初步遥感制图,所用传感器,TM
暴雨洪涝灾害进行遥感监测,所用传感器,SAR-C(Sentinel1)
暴雨洪涝灾害进行遥感监测,所用传感器,MERSI-1
暴雨洪涝灾害进行遥感监测,所用传感器,CCD相机
沙尘暴监测,所用传感器,AVHRR
沙尘暴监测,所用传感器,AHI-8
黄土坡滑坡体散射体变形,所用传感器,SAR-C(Sentinel1)
海洋赤潮灾害的监测,所用传感器,CZI
海洋赤潮灾害的监测,所用传感器,MERSI-II
海洋赤潮灾害的监测,所用传感器,GOCI
海洋赤潮灾害的监测,所用传感器,OLCI
绿潮的实时监测,所用传感器,OLI
绿潮的实时监测,所用传感器,MODIS
绿潮的实时监测,所用传感器,CZI
绿潮的实时监测,所用传感器,SAR-C(GF-3)
金属矿区地面裂缝遥感调查,所用传感器,WV110(WorldView-2)
金属矿区地面裂缝遥感调查,所用传感器,BGIS2000
煤田火灾热红外遥感反演,所用传感器,TIRS
煤田火灾热红外遥感反演,所用传感器,TIRS2
甲烷排放检测与量化研究,所用传感器,TANSO-CAI
甲烷排放检测与量化研究,所用传感器,TANSO-CAI-2
甲烷排放检测与量化研究,所用传感器,TROPOMI
甲烷排放检测与量化研究,所用传感器,AHSI
甲烷排放检测与量化研究,所用传感器,HSI(EnMAP)
甲烷排放检测与量化研究,所用传感器,GHGSat-Spectrometer
煤矿山环境监测,所用传感器,PRISM
煤矿山环境监测,所用传感器,BGIS2000
矿山环境恢复治理,所用传感器,SAR-C(Sentinel1)
矿山环境恢复治理,所用传感器,AVNIR-2
矿山环境恢复治理,所用传感器,ASTER
矿山环境恢复治理,所用传感器,WV110(WorldView-2)
矿山环境恢复治理,所用传感器,PMS(GF-2)
矿山环境恢复治理,所用传感器,NAOMI
矿山环境恢复治理,所用传感器,NAOMI
植被滞尘情况监测和分析,所用传感器,MSI
植被滞尘情况监测和分析,所用传感器,OLI
矿山地质环境信息提取研究,所用传感器,PMS(GF-2)
矿山地质环境信息提取研究,所用传感器,TM
矿山地质环境信息提取研究,所用传感器,BGIS2000
矿山地质环境信息提取研究,所用传感器,REIS
城市黑臭水体识别,所用传感器,PMS
城市黑臭水体识别,所用传感器,PMS(GF-2)
城市黑臭水体识别,所用传感器,FLOCK
饮用水源地悬浮物的空间分布特征获取,所用传感器,OLI
饮用水源地悬浮物的空间分布特征获取,所用传感器,OLI2
饮用水源地水质安全评估,所用传感器,OLI
土壤污染遥感监测,所用传感器,ETM+
土壤污染遥感监测,所用传感器,PMS(GF-2)
土壤污染遥感监测,所用传感器,AHSI
秸秆焚烧监测,所用传感器,VIIRS(SNPP)
秸秆焚烧监测,所用传感器,ASTER
秸秆焚烧监测,所用传感器,AHI-8
秸秆焚烧监测,所用传感器,OLI
秸秆焚烧监测,所用传感器,MSI
秸秆焚烧监测,所用传感器,MODIS
秸秆焚烧监测,所用传感器,MERSI-II
秸秆焚烧监测,所用传感器,凝视相机
秸秆焚烧监测,所用传感器,CCD相机
海上漂浮塑料探测与识别,所用传感器,MSI
矿山固体废弃物遥感监测,所用传感器,PMS(GF-2)
矿山固体废弃物遥感监测,所用传感器,WFV
矿山固体废弃物遥感监测,所用传感器,CCD相机
矿山建筑遥感监测,所用传感器,PMS
矿山建筑遥感监测,所用传感器,PMS(GF-2)
矿山中转场遥感监测,所用传感器,PMS(GF-2)
矿山中转场遥感监测,所用传感器,PMS
矿山地下开采硐口遥感监测,所用传感器,WV110(WorldView-2)
矿山地下开采硐口遥感监测,所用传感器,PMS(GF-2)
矿山塌陷坑遥感监测,所用传感器,REIS
矿山塌陷坑遥感监测,所用传感器,WV110(WorldView-2)
秸秆焚烧火点实时监控,所用传感器,VIIRS(SNPP)
秸秆焚烧火点实时监控,所用传感器,ASTER
秸秆焚烧火点实时监控,所用传感器,AHI-8
秸秆焚烧火点实时监控,所用传感器,OLI
秸秆焚烧火点实时监控,所用传感器,MSI
秸秆焚烧火点实时监控,所用传感器,MODIS
秸秆焚烧火点实时监控,所用传感器,MERSI-II
秸秆焚烧火点实时监控,所用传感器,凝视相机
秸秆焚烧火点实时监控,所用传感器,CCD相机
河流水污染监测,所用传感器,OLI
河流水污染监测,所用传感器,MSI
河流水污染监测,所用传感器,FLOCK
余泥渣土场信息提取,所用传感器,PMS
地表塌陷积水,所用传感器,CCD相机
油田土壤石油污染检测,所用传感器,ASTER
污染土壤修复,所用传感器,Hyperion
生态产品的业务化自动或半自动生产,所用传感器,TM
生态产品的业务化自动或半自动生产,所用传感器,OLI
生态产品的业务化自动或半自动生产,所用传感器,SAR-C(Sentinel1)
生态产品的业务化自动或半自动生产,所用传感器,MSI
生态产品的业务化自动或半自动生产,所用传感器,WFV
农业立体污染监测,所用传感器,MODIS
典型污染物排放特征分析,所用传感器,TIRS
典型污染物排放特征分析,所用传感器,TIRS2
草地总生物量动态估算,所用传感器,OLI
草地总生物量动态估算,所用传感器,TM
草地总生物量动态估算,所用传感器,MSI
草地总生物量动态估算,所用传感器,MODIS
草地总生物量动态估算,所用传感器,WFV
铀资源勘查,所用传感器,OLI
铀资源勘查,所用传感器,AHSI
铀资源勘查,所用传感器,ASTER
铀资源勘查,所用传感器,WV110(WorldView-3)
地热资源勘查,所用传感器,OLI
地热资源勘查,所用传感器,ASTER
地热资源勘查,所用传感器,AVNIR-2
地下水资源勘查,所用传感器,OLI
地下水资源勘查,所用传感器,TM
地下水资源勘查,所用传感器,HR相机
地下水储量变化,所用传感器,OLI
地下水储量变化,所用传感器,TM
资源环境效应分析,所用传感器,AHSI
西北重点生态工程实施,所用传感器,AHSI
西北重点区域综合治理,所用传感器,AHSI
西北寒区旱区国土空间优化,所用传感器,AHSI
煤的快速有效识别,所用传感器,OLI
煤的快速有效识别,所用传感器,ETM+
煤的快速有效识别,所用传感器,OSA
煤堆放情况动态监测,所用传感器,OLI
煤堆放情况动态监测,所用传感器,ETM+
煤堆放情况动态监测,所用传感器,OSA
矸石的快速有效识别,所用传感器,TIRS
矸石的快速有效识别,所用传感器,BGIS2000
矸石堆放情况动态监测,所用传感器,OLI
矸石堆放情况动态监测,所用传感器,ETM+
成矿预测,所用传感器,OLI
成矿预测,所用传感器,ETM+
成矿预测,所用传感器,TM
成矿预测,所用传感器,ASTER
成矿预测,所用传感器,AHSI
成矿预测,所用传感器,PMS(GF-2)
冰川进退,所用传感器,OLI
冰川进退,所用传感器,ETM+
冰川进退,所用传感器,TM
草场退化,所用传感器,TM
矿产资源勘探与监测,所用传感器,OLI
矿产资源勘探与监测,所用传感器,ETM+
矿产资源勘探与监测,所用传感器,ASTER
矿产资源勘探与监测,所用传感器,WV110(WorldView-3)
矿产资源勘探与监测,所用传感器,AHSI
找矿靶区预测,所用传感器,ASTER
找矿靶区预测,所用传感器,HR相机
找矿靶区预测,所用传感器,ETM+
水资源的调查监测,所用传感器,TM
水资源的调查监测,所用传感器,MSI
水资源的调查监测,所用传感器,HR相机
水资源的调查监测,所用传感器,HRG
矿产资源勘探,所用传感器,OLI
矿产资源勘探,所用传感器,ETM+
矿产资源勘探,所用传感器,ASTER
矿产资源勘探,所用传感器,WV110(WorldView-2)
矿产资源勘探,所用传感器,AHSI
矿产资源违法开采信息获取,所用传感器,PMS
矿产资源违法开采信息获取,所用传感器,PMS(GF-2)
矿产资源违法开采信息获取,所用传感器,多光谱相机
矿产资源违法开采信息获取,所用传感器,REIS
旅游资源调查,所用传感器,TM
旅游资源调查,所用传感器,OLI
旅游资源调查,所用传感器,ETM+
旅游资源调查,所用传感器,PMS(GF-2)
盐渍化土壤监测,所用传感器,TM
盐渍化土壤监测,所用传感器,OLI
盐渍化土壤监测,所用传感器,SAR-C(Sentinel1)
盐渍化土壤监测,所用传感器,MSI
盐渍化土壤监测,所用传感器,WFV
盐渍化土壤监测,所用传感器,PMS
盐渍化土壤监测,所用传感器,WV110(WorldView-2)
盐渍化土壤监测,所用传感器,PALSAR
盐分信息提取,所用传感器,OLI
盐分信息提取,所用传感器,ETM+
盐分信息提取,所用传感器,SAR-C(Sentinel1)
盐分信息提取,所用传感器,MODIS
盐分信息提取,所用传感器,AHSI
农林结构调查,所用传感器,TM
农林结构调查,所用传感器,OLI
农林结构调查,所用传感器,ETM+
沙漠进退监测,所用传感器,TM
沙漠进退监测,所用传感器,OLI
沙漠进退监测,所用传感器,ETM+
土地荒漠化监测,所用传感器,TM
土地荒漠化监测,所用传感器,OLI
土地荒漠化监测,所用传感器,ETM+
土地荒漠化监测,所用传感器,SAR-C(Sentinel1)
土地荒漠化监测,所用传感器,MODIS
湿地资源遥感调查,所用传感器,WFV
湿地资源遥感调查,所用传感器,OLI
湿地资源遥感调查,所用传感器,ETM+
湿地资源遥感调查,所用传感器,CCD相机
湿地资源遥感调查,所用传感器,三线阵测绘相机
湿地资源遥感调查,所用传感器,HR相机
土壤侵蚀等级判定,所用传感器,WFV
土壤侵蚀等级判定,所用传感器,PMS(GF-2)
土壤侵蚀等级判定,所用传感器,TM
山间盆地土壤侵蚀现状分析,所用传感器,WFV
山间盆地土壤侵蚀现状分析,所用传感器,PMS(GF-2)
山间盆地土壤侵蚀现状分析,所用传感器,TM
土壤侵蚀发展趋势分析,所用传感器,WFV
土壤侵蚀发展趋势分析,所用传感器,PMS(GF-2)
土壤侵蚀发展趋势分析,所用传感器,TM
草原利用现状,所用传感器,TM
草原利用现状,所用传感器,OLI
草原利用现状,所用传感器,ETM+
植被健康状况评价,所用传感器,TM
植被健康状况评价,所用传感器,OLI
草场退化程度监测,所用传感器,TM
尾矿库环境风险监测,所用传感器,WV110(WorldView-2)
尾矿库环境风险监测,所用传感器,PRISM
尾矿库环境风险监测,所用传感器,REIS
尾矿库环境风险监测,所用传感器,CCD相机
油气资源勘探,所用传感器,ASTER
油田环境监测,所用传感器,ASTER
油气工程评价,所用传感器,ASTER
水土流失,所用传感器,OLI
水土流失,所用传感器,ETM+
水土流失,所用传感器,PMS
水土流失,所用传感器,WFV(GF-6)
水土流失,所用传感器,MODIS
监测植被胁迫类型,所用传感器,MSI
草原碳贮量遥感监测,所用传感器,MODIS
成矿远景区圈定,所用传感器,OLI
成矿远景区圈定,所用传感器,ETM+
成矿远景区圈定,所用传感器,PMS
矿区遥感异常信息提取,所用传感器,ETM+
核电安全监管,所用卫星,Landsat5
核电安全监管,所用卫星,Landsat7
核电安全监管,所用卫星,Landsat8
机场监测,所用卫星,环境二号B星
机场监测,所用卫星,高分一号
机场监测,所用卫星,高分二号
机场监测,所用卫星,资源三号
船舶目标检测,所用卫星,高分一号
船舶目标检测,所用卫星,Landsat8
船舶目标检测,所用卫星,Sentinel2
船舶目标检测,所用卫星,RadarSat-1
船舶目标检测,所用卫星,TerraSAR-X
船舶目标检测,所用卫星,Sentinel1
战场态势感知,所用卫星,Quickbird
核电厂环境辐射监测,所用卫星,Landsat8
核电厂环境辐射监测,所用卫星,Landsat8
核电厂环境辐射监测,所用卫星,Landsat9
核电温排水监测,所用卫星,Landsat8
核电温排水监测,所用卫星,环境一号A星
农作物长势监测,所用卫星,Landsat8
农作物长势监测,所用卫星,CBERS-2
农作物长势监测,所用卫星,环境一号A星
农作物长势监测,所用卫星,高分二号
农作物长势监测,所用卫星,Sentinel2
农作物长势监测,所用卫星,高分一号
农作物长势监测,所用卫星,Terra
农作物产量监测,所用卫星,高分一号
农作物产量监测,所用卫星,高分一号
农作物产量监测,所用卫星,环境一号A星
农作物产量监测,所用卫星,Terra
农作物产量监测,所用卫星,Sentinel2
农作物产量监测,所用卫星,Landsat8
农作物种植面积监测,所用卫星,Landsat8
农作物种植面积监测,所用卫星,Sentinel2
农作物种植面积监测,所用卫星,高分二号
农作物种植面积监测,所用卫星,Terra
农作物种植面积监测,所用卫星,Landsat7
农作物种植面积监测,所用卫星,环境一号A星
农作物精细分类,所用卫星,高分六号
农作物精细分类,所用卫星,Sentinel2
农作物精细分类,所用卫星,Sentinel1
农作物分布情况识别,所用卫星,SPOT5
农作物分布情况识别,所用卫星,Landsat8
农作物分布情况识别,所用卫星,高分一号
农作物分布情况识别,所用卫星,Sentinel2
农作物分布情况识别,所用卫星,高分六号
农作物分布情况识别,所用卫星,Sentinel1
农作物分布情况识别,所用卫星,Landsat5
农作物分布情况识别,所用卫星,高分一号
植物物候期遥感监测,所用卫星,Terra
农业干旱监测,所用卫星,Landsat8
农业干旱监测,所用卫星,Terra
农业干旱监测,所用卫星,风云三号B星
农情信息获取,所用卫星,高分一号
农情信息获取,所用卫星,高分二号
农作物产量预测/估算,所用卫星,高分一号
农作物产量预测/估算,所用卫星,高分一号
农作物产量预测/估算,所用卫星,环境一号A星
农作物产量预测/估算,所用卫星,Terra
农作物产量预测/估算,所用卫星,Sentinel2
农作物产量预测/估算,所用卫星,Landsat8
农业种植结构调整监测,所用卫星,Sentinel2
农业种植结构调整监测,所用卫星,Terra
农业种植结构调整监测,所用卫星,Landsat8
农业种植结构调整监测,所用卫星,高分一号
农业种植结构调整监测,所用卫星,高分六号
农业种植结构调整监测,所用卫星,高分二号
农业种植结构调整监测,所用卫星,高分五号
土壤全氮含量的空间分布,所用卫星,Sentinel2
土壤全氮含量的空间分布,所用卫星,环境一号A星
土壤全氮含量的空间分布,所用卫星,Landsat8
土壤全氮含量的空间分布,所用卫星,高分一号
农业大棚提取,所用卫星,高分一号
农业大棚提取,所用卫星,高分二号
农业大棚提取,所用卫星,资源三号
农业大棚提取,所用卫星,Sentinel2
农业大棚提取,所用卫星,高分六号
农作物种植信息提取,所用卫星,Landsat8
农作物种植信息提取,所用卫星,高分一号
农作物种植信息提取,所用卫星,环境一号A星
农作物种植信息提取,所用卫星,Sentinel2
农作物种植信息提取,所用卫星,高分六号
茶园提取/识别,所用卫星,Sentinel2
茶园提取/识别,所用卫星,高分五号
茶园提取/识别,所用卫星,Landsat8
茶园提取/识别,所用卫星,Landsat7
茶园提取/识别,所用卫星,高分二号
茶园提取/识别,所用卫星,高分三号
反演稻田气温,所用卫星,Terra
提取耕地非粮化信息,所用卫星,Sentinel2
提取耕地非粮化信息,所用卫星,Sentinel1
提取耕地非粮化信息,所用卫星,Terra
反演植被覆盖时的土壤盐分,所用卫星,Sentinel2
反演植被覆盖时的土壤盐分,所用卫星,高分一号
土壤分类,所用卫星,高分五号
土壤分类,所用卫星,Landsat5
土壤分类,所用卫星,Terra
土壤分类,所用卫星,环境一号A星
农膜空间分布信息和使用量,所用卫星,高分一号
监测土壤水分,所用卫星,Sentinel1
监测土壤水分,所用卫星,Landsat8
监测土壤水分,所用卫星,Landsat8
监测土壤水分,所用卫星,Landsat7
监测土壤水分,所用卫星,高分三号
监测土壤水分,所用卫星,Terra
苹果冠层参数定量,所用卫星,高分一号
苹果冠层参数定量,所用卫星,SPOT5
小麦长势监测,所用卫星,Landsat8
小麦长势监测,所用卫星,Landsat9
小麦长势监测,所用卫星,Sentinel2
小麦长势监测,所用卫星,Terra
玉米长势监测,所用卫星,Terra
玉米长势监测,所用卫星,高分一号
玉米长势监测,所用卫星,高分二号
玉米长势监测,所用卫星,Sentinel1
油菜长势监测,所用卫星,高分一号
油菜长势监测,所用卫星,高分二号
油菜长势监测,所用卫星,Terra
油菜长势监测,所用卫星,Landsat5
烟草长势监测,所用卫星,TerraSAR-X
烟草长势监测,所用卫星,Landsat5
棉花长势监测,所用卫星,Landsat8
棉花长势监测,所用卫星,Landsat9
棉花长势监测,所用卫星,CBERS-2
棉花长势监测,所用卫星,环境一号A星
大豆长势监测,所用卫星,环境一号A星
大豆长势监测,所用卫星,Terra
水稻长势监测,所用卫星,环境一号A星
水稻长势监测,所用卫星,高分一号
水稻长势监测,所用卫星,风云三号D星
水稻长势监测,所用卫星,ENVISAT
小麦产量监测,所用卫星,高分一号
小麦产量监测,所用卫星,高分一号
小麦产量监测,所用卫星,环境一号A星
小麦产量监测,所用卫星,Terra
棉花产量监测,所用卫星,Sentinel2
棉花产量监测,所用卫星,Landsat8
棉花产量监测,所用卫星,Landsat9
棉花产量监测,所用卫星,Landsat5
水稻产量监测,所用卫星,Terra
水稻产量监测,所用卫星,高分一号
水稻产量监测,所用卫星,环境一号A星
玉米产量监测,所用卫星,Sentinel2
玉米产量监测,所用卫星,Terra
玉米产量监测,所用卫星,Landsat5
玉米产量监测,所用卫星,高分一号
棉花种植面积监测,所用卫星,高分六号
棉花种植面积监测,所用卫星,Landsat5
棉花种植面积监测,所用卫星,Landsat8
棉花种植面积监测,所用卫星,Landsat9
棉花种植面积监测,所用卫星,Sentinel2
棉花种植面积监测,所用卫星,高分二号
棉花种植面积监测,所用卫星,环境一号A星
玉米种植面积监测,所用卫星,Sentinel2
玉米种植面积监测,所用卫星,Terra
玉米种植面积监测,所用卫星,Landsat7
烟草种植面积监测,所用卫星,Sentinel2
烟草种植面积监测,所用卫星,高分二号
烟草种植面积监测,所用卫星,资源三号
小麦种植面积监测,所用卫星,Sentinel2
小麦种植面积监测,所用卫星,高分一号
小麦种植面积监测,所用卫星,高分一号
小麦种植面积监测,所用卫星,环境一号A星
小麦种植面积监测,所用卫星,Landsat8
小麦种植面积监测,所用卫星,Landsat9
小麦种植面积监测,所用卫星,Terra
苹果种植面积监测,所用卫星,Sentinel2
苹果种植面积监测,所用卫星,高分一号
大豆种植面积监测,所用卫星,Sentinel2
大豆种植面积监测,所用卫星,Sentinel1
大豆种植面积监测,所用卫星,高分一号
甘蔗种植面积监测,所用卫星,Sentinel2
甘蔗种植面积监测,所用卫星,Landsat8
甘蔗种植面积监测,所用卫星,Landsat9
甘蔗种植面积监测,所用卫星,高分二号
甘蔗种植面积监测,所用卫星,北京二号
水稻种植面积监测,所用卫星,Sentinel1
水稻种植面积监测,所用卫星,Sentinel2
水稻种植面积监测,所用卫星,Terra
水稻种植面积监测,所用卫星,高分六号
水稻种植面积监测,所用卫星,Landsat8
水稻种植面积监测,所用卫星,Landsat9
水稻种植面积监测,所用卫星,高分一号
中药资源种植面积监测,所用卫星,Landsat5
中药资源种植面积监测,所用卫星,Sentinel2
中药资源种植面积监测,所用卫星,资源三号
中药资源种植面积监测,所用卫星,Landsat8
中药资源种植面积监测,所用卫星,Landsat9
中药资源种植面积监测,所用卫星,高分一号
马铃薯种植面积监测,所用卫星,Sentinel2
马铃薯种植面积监测,所用卫星,Landsat8
马铃薯种植面积监测,所用卫星,Landsat9
马铃薯种植面积监测,所用卫星,高分二号
白芍种植面积监测,所用卫星,资源三号
大蒜种植面积监测,所用卫星,Landsat8
大蒜种植面积监测,所用卫星,Landsat9
大蒜种植面积监测,所用卫星,高分一号
番茄种植面积监测,所用卫星,高分二号
番茄种植面积监测,所用卫星,高分一号
辣椒种植面积监测,所用卫星,高分二号
花生种植面积监测,所用卫星,高分一号
花生种植面积监测,所用卫星,Sentinel2
花生种植面积监测,所用卫星,Landsat5
艾草种植面积监测,所用卫星,高分六号
艾草种植面积监测,所用卫星,高分一号
三七种植面积监测,所用卫星,Landsat8
三七种植面积监测,所用卫星,Landsat9
三七种植面积监测,所用卫星,高分一号
三七种植面积监测,所用卫星,Sentinel2
枸杞种植面积监测,所用卫星,Landsat8
枸杞种植面积监测,所用卫星,Landsat9
枸杞种植面积监测,所用卫星,高分一号
枸杞种植面积监测,所用卫星,Sentinel2
油菜种植面积监测,所用卫星,Sentinel2
油菜种植面积监测,所用卫星,高分六号
油菜种植面积监测,所用卫星,Terra
油菜种植面积监测,所用卫星,环境一号A星
柑橘种植面积提取,所用卫星,Terra
柑橘种植面积提取,所用卫星,环境一号A星
玉米种植分布情况识别,所用卫星,Sentinel2
玉米种植分布情况识别,所用卫星,Terra
玉米种植分布情况识别,所用卫星,Landsat7
烟草种植分布情况识别,所用卫星,Sentinel2
烟草种植分布情况识别,所用卫星,高分二号
烟草种植分布情况识别,所用卫星,资源三号
小麦种植分布情况识别,所用卫星,Sentinel2
小麦种植分布情况识别,所用卫星,高分一号
小麦种植分布情况识别,所用卫星,高分一号
小麦种植分布情况识别,所用卫星,环境一号A星
小麦种植分布情况识别,所用卫星,Landsat8
小麦种植分布情况识别,所用卫星,Landsat9
小麦种植分布情况识别,所用卫星,Terra
苹果种植分布情况识别,所用卫星,Sentinel2
苹果种植分布情况识别,所用卫星,高分一号
棉花种植分布情况识别,所用卫星,高分六号
棉花种植分布情况识别,所用卫星,Landsat5
棉花种植分布情况识别,所用卫星,Landsat8
棉花种植分布情况识别,所用卫星,Landsat9
棉花种植分布情况识别,所用卫星,Sentinel2
棉花种植分布情况识别,所用卫星,高分二号
棉花种植分布情况识别,所用卫星,环境一号A星
大豆种植分布情况识别,所用卫星,Sentinel2
大豆种植分布情况识别,所用卫星,Sentinel1
大豆种植分布情况识别,所用卫星,高分一号
甘蔗种植分布情况识别,所用卫星,Sentinel2
甘蔗种植分布情况识别,所用卫星,Landsat8
甘蔗种植分布情况识别,所用卫星,Landsat9
甘蔗种植分布情况识别,所用卫星,高分二号
甘蔗种植分布情况识别,所用卫星,北京二号
水稻种植分布情况识别,所用卫星,Sentinel1
水稻种植分布情况识别,所用卫星,Sentinel2
水稻种植分布情况识别,所用卫星,Terra
水稻种植分布情况识别,所用卫星,高分六号
水稻种植分布情况识别,所用卫星,Landsat8
水稻种植分布情况识别,所用卫星,Landsat9
水稻种植分布情况识别,所用卫星,高分一号
中药资源种植分布情况识别,所用卫星,Landsat5
中药资源种植分布情况识别,所用卫星,Sentinel2
中药资源种植分布情况识别,所用卫星,资源三号
中药资源种植分布情况识别,所用卫星,Landsat8
中药资源种植分布情况识别,所用卫星,Landsat9
中药资源种植分布情况识别,所用卫星,高分一号
马铃薯种植分布情况识别,所用卫星,Sentinel2
马铃薯种植分布情况识别,所用卫星,Landsat8
马铃薯种植分布情况识别,所用卫星,Landsat9
马铃薯种植分布情况识别,所用卫星,高分二号
白芍种植分布情况识别,所用卫星,资源三号
大蒜种植分布情况识别,所用卫星,Landsat8
大蒜种植分布情况识别,所用卫星,Landsat9
大蒜种植分布情况识别,所用卫星,高分一号
番茄种植分布情况识别,所用卫星,高分二号
番茄种植分布情况识别,所用卫星,高分一号
辣椒种植分布情况识别,所用卫星,高分二号
花生种植分布情况识别,所用卫星,高分一号
花生种植分布情况识别,所用卫星,Sentinel2
花生种植分布情况识别,所用卫星,Landsat5
艾草种植分布情况识别,所用卫星,高分六号
艾草种植分布情况识别,所用卫星,高分一号
三七种植分布情况识别,所用卫星,Landsat8
三七种植分布情况识别,所用卫星,Landsat9
三七种植分布情况识别,所用卫星,高分一号
三七种植分布情况识别,所用卫星,Sentinel2
枸杞种植分布情况识别,所用卫星,Landsat8
枸杞种植分布情况识别,所用卫星,Landsat9
枸杞种植分布情况识别,所用卫星,高分一号
枸杞种植分布情况识别,所用卫星,Sentinel2
油菜种植分布情况识别,所用卫星,Sentinel2
油菜种植分布情况识别,所用卫星,高分六号
油菜种植分布情况识别,所用卫星,Terra
油菜种植分布情况识别,所用卫星,环境一号A星
苜蓿种植面积提取,所用卫星,Sentinel2
苜蓿种植面积提取,所用卫星,Landsat5
矿山地质环境恢复治理遥感监测,所用卫星,Terra
矿山地质环境恢复治理遥感监测,所用卫星,WorldView-2
矿山地质环境恢复治理遥感监测,所用卫星,高分二号
矿山地质环境恢复治理遥感监测,所用卫星,Landsat8
矿山地质环境恢复治理遥感监测,所用卫星,Landsat9
矿山地质环境恢复治理遥感监测,所用卫星,高分一号
矿山地质环境恢复治理遥感监测,所用卫星,高分七号
矿山地质环境恢复治理遥感监测,所用卫星,资源三号
矿山地质环境恢复治理遥感监测,所用卫星,SPOT6
矿山地质环境恢复治理遥感监测,所用卫星,SPOT7
矿产资源快速勘查,所用卫星,Landsat8
矿产资源快速勘查,所用卫星,Landsat9
矿产资源快速勘查,所用卫星,WorldView-3
矿产资源快速勘查,所用卫星,高分五号
矿产资源快速勘查,所用卫星,Terra
矿产资源快速勘查,所用卫星,Landsat7
白岗岩型铀矿成矿要素识别,所用卫星,Terra
白岗岩型铀矿成矿要素识别,所用卫星,Quickbird
岩矿石蚀变异常信息提取,所用卫星,Landsat8
岩矿石蚀变异常信息提取,所用卫星,Landsat7
岩矿石蚀变异常信息提取,所用卫星,Terra
岩矿石蚀变异常信息提取,所用卫星,WorldView-2
岩矿石蚀变异常信息提取,所用卫星,高分五号
岩矿石蚀变异常信息提取,所用卫星,Sentinel2
岩性识别,所用卫星,Landsat8
岩性识别,所用卫星,高分一号
岩性识别,所用卫星,Sentinel1
岩性识别,所用卫星,Terra
岩性识别,所用卫星,WorldView-2
岩浆岩识别,所用卫星,Terra
岩浆岩识别,所用卫星,Landsat8
岩浆岩识别,所用卫星,Landsat9
变质岩识别,所用卫星,WorldView-2
变质岩识别,所用卫星,Terra
花岗岩识别,所用卫星,WorldView-2
花岗岩识别,所用卫星,Terra
花岗岩识别,所用卫星,Geoeye-1
岩性识别填图,所用卫星,NMP-EO-1
富钾岩石遥感信息提取,所用卫星,Terra
线性构造识别,所用卫星,Landsat8
线性构造识别,所用卫星,WorldView-2
线性构造识别,所用卫星,高分二号
线性构造识别,所用卫星,资源三号
找矿预测,所用卫星,高分一号
找矿预测,所用卫星,Landsat8
找矿预测,所用卫星,Terra
矿山地质环境调查,所用卫星,Terra
矿山地质环境调查,所用卫星,WorldView-2
矿山地质环境调查,所用卫星,高分二号
矿山地质环境调查,所用卫星,Landsat9
矿山地质环境调查,所用卫星,高分七号
矿山地质环境调查,所用卫星,资源三号
生态环境地质调查,所用卫星,Landsat8
生态环境地质调查,所用卫星,Landsat5
生态环境地质调查,所用卫星,资源三号
生态环境地质调查,所用卫星,高分一号
砂岩铀矿控矿构造识别与分析,所用卫星,Landsat7
砂岩型铀成矿条件调查,所用卫星,Landsat7
铀矿区油气还原蚀变提取和分析,所用卫星,Terra
铀矿区油气还原蚀变提取和分析,所用卫星,Landsat7
铀成矿带识别,所用卫星,高分五号
铀成矿带识别,所用卫星,Terra
铀成矿带识别,所用卫星,Quickbird
风化层厚度制图,所用卫星,高分二号
风化层厚度制图,所用卫星,Terra
地质构造解译,所用卫星,WorldView-2
地质构造解译,所用卫星,Landsat8
地质构造解译,所用卫星,高分二号
地质构造解译,所用卫星,Landsat7
岩石空间分布特征识别,所用卫星,高分一号
矿山范围内地表形变动态监测,所用卫星,Sentinel1
火山口开口方向解译分析,所用卫星,Landsat5
玄武岩流向解译分析,所用卫星,Landsat5
确定新生代玄武岩强富水区,所用卫星,Landsat5
圈定地表油气异常,所用卫星,Landsat7
圈定地表油气异常,所用卫星,NMP-EO-1
圈定地表油气异常,所用卫星,Landsat5
矿区地表塌陷监测,所用卫星,Terra
矿区地表塌陷监测,所用卫星,Sentinel2
矿区地表塌陷监测,所用卫星,Landsat8
矿区地表塌陷监测,所用卫星,Landsat7
矿区地表塌陷监测,所用卫星,高分二号
矿区地表塌陷监测,所用卫星,高分三号
地下水动态监测,所用卫星,Sentinel1
地下煤层火区识别与监测,所用卫星,Landsat8
地下煤层火区识别与监测,所用卫星,Landsat9
地下煤层火区识别与监测,所用卫星,Terra
地下煤层火区识别与监测,所用卫星,Sentinel1
地下煤层火区识别与监测,所用卫星,Landsat5
矿区地下非法开采监测,所用卫星,高分三号
矿区地下非法开采监测,所用卫星,高分三号
火山灰云识别,所用卫星,Terra
道路准确提取,所用卫星,WorldView-3
道路准确提取,所用卫星,高分二号
道路准确提取,所用卫星,高分一号
道路养护故障检测系统,所用卫星,高分二号
道路养护故障检测系统,所用卫星,高分一号
城市植被绿地监测,所用卫星,Landsat5
城市植被绿地监测,所用卫星,CBERS-2
城市植被绿地监测,所用卫星,IKONOS
城市植被绿地监测,所用卫星,Quickbird
城市植被分类,所用卫星,Sentinel2
城市绿地系统评价,所用卫星,Quickbird
城市用地监测,所用卫星,Landsat8
城市用地监测,所用卫星,Landsat5
城市用地监测,所用卫星,DMSP
城市热岛效应检测,所用卫星,Landsat8
城市热岛效应检测,所用卫星,Terra
城市热岛效应检测,所用卫星,NOAA
城市热岛效应检测,所用卫星,环境一号B星
城市热岛效应检测,所用卫星,风云三号B星
城市热岛效应检测,所用卫星,风云三号C星
城市土地利用变化研究,所用卫星,Landsat8
城市土地利用变化研究,所用卫星,Landsat5
城市土地利用变化研究,所用卫星,高分二号
城市土地利用变化研究,所用卫星,高分六号
城市土地利用变化研究,所用卫星,高分一号
城市路网监测,所用卫星,WorldView-3
城市路网监测,所用卫星,高分二号
城市路网监测,所用卫星,高分一号
城区表面太阳辐射量化,所用卫星,Landsat8
城区表面太阳辐射量化,所用卫星,Landsat9
车辆目标信息获取,所用卫星,高分二号
建筑物基坑信息提取,所用卫星,高分二号
建筑物单体信息提取,所用卫星,高分二号
建筑物高度信息提取,所用卫星,高分三号
建筑物高度信息提取,所用卫星,高分二号
建筑物高度信息提取,所用卫星,WorldView-2
建筑物高度信息提取,所用卫星,高分七号
建筑物高度信息提取,所用卫星,北京二号
大遗址调查研究,所用卫星,Landsat5
遗存及周边环境研究,所用卫星,Landsat5
城市发展情况检测,所用卫星,SNPP
城市发展情况检测,所用卫星,DMSP
人类活动监测,所用卫星,高分二号
人类活动监测,所用卫星,高分一号
人类活动监测,所用卫星,资源三号
住房空置率监测,所用卫星,高分二号
夜间目标识别,所用卫星,NOAA
夜间城市监测,所用卫星,SNPP
光污染研究,所用卫星,SNPP
光污染研究,所用卫星,DMSP
城市人工地物提取,所用卫星,Quickbird
大比例尺遥感制图,所用卫星,Landsat5
大比例尺遥感制图,所用卫星,Quickbird
大比例尺遥感制图,所用卫星,SPOT5
城市规划检测,所用卫星,Quickbird
城市规划检测,所用卫星,IKONOS
城市规划检测,所用卫星,IKONOS
违章建筑监测,所用卫星,高分二号
违章建筑监测,所用卫星,北京二号
违章建筑监测,所用卫星,WorldView-3
城市扩展对耕地占用研究,所用卫星,Landsat5
城市扩展对耕地占用研究,所用卫星,Landsat7
城市地表热环境变化研究,所用卫星,Terra
城市地表热环境变化研究,所用卫星,DMSP
城市地表热环境变化研究,所用卫星,Landsat5
城市地表温度分布图制作,所用卫星,Landsat8
城市地表温度分布图制作,所用卫星,Landsat9
城市地表温度分布图制作,所用卫星,Terra
建设用地调查,所用卫星,高分一号
建设用地调查,所用卫星,Landsat5
建设用地调查,所用卫星,Landsat8
建设用地调查,所用卫星,高分二号
建设用地调查,所用卫星,DMSP
建筑物用途精细分类,所用卫星,高分一号
建筑物用途精细分类,所用卫星,WorldView-3
建筑物用途精细分类,所用卫星,Quickbird
建筑物用途精细分类,所用卫星,Quickbird
城市扩张监测,所用卫星,Landsat7
城市扩张监测,所用卫星,Landsat5
城市扩张监测,所用卫星,DMSP
城市扩张监测,所用卫星,Terra
公路灾害监测与评估,所用卫星,高分一号
公路灾害监测与评估,所用卫星,高分三号
公路灾害监测与评估,所用卫星,Sentinel1
城市绿地结构布局检测,所用卫星,Landsat5
城市绿地结构布局检测,所用卫星,Landsat8
城市绿地结构布局检测,所用卫星,NMP-EO-1
城市绿地结构布局检测,所用卫星,Sentinel2
城市绿地结构布局检测,所用卫星,EnMAP
城市绿地结构布局检测,所用卫星,SPOT5
城市绿量计算,所用卫星,Sentinel2
城市绿量计算,所用卫星,WorldView-2
城市环境动态监测,所用卫星,Quickbird
城市容积率估计,所用卫星,Pleiades-1
城市公共空间信息提取,所用卫星,高分一号
新增建筑物自动检测,所用卫星,高分二号
新增建筑物自动检测,所用卫星,资源三号
森林火灾检测/监测,所用卫星,风云三号B星
森林火灾检测/监测,所用卫星,Terra
森林火灾检测/监测,所用卫星,Himawari-8
森林火灾检测/监测,所用卫星,高分四号
森林树种识别,所用卫星,Sentinel2
森林树种识别,所用卫星,资源一号02C星
森林树种识别,所用卫星,高分二号
森林树种识别,所用卫星,Landsat8
森林树种识别,所用卫星,Sentinel1
森林树种识别,所用卫星,WorldView-2
红树林识别,所用卫星,Sentinel2
红树林识别,所用卫星,Landsat8
红树林识别,所用卫星,高分一号
森林资源监测,所用卫星,高分一号
森林资源监测,所用卫星,Landsat8
森林资源监测,所用卫星,高分二号
林业生态工程监测,所用卫星,高分一号
森林郁闭度估测,所用卫星,Landsat8
森林郁闭度估测,所用卫星,Sentinel2
森林郁闭度估测,所用卫星,ICESat–2
森林郁闭度估测,所用卫星,高分一号
森林郁闭度估测,所用卫星,NMP-EO-1
森林郁闭度估测,所用卫星,资源三号
松材线虫病监测,所用卫星,Sentinel2
松材线虫病监测,所用卫星,Landsat8
松材线虫病监测,所用卫星,Landsat9
松材线虫病监测,所用卫星,高分七号
松材线虫病监测,所用卫星,北京二号
针叶林空间分布提取,所用卫星,Sentinel2
阔叶林空间分布提取,所用卫星,Sentinel2
阔叶林空间分布提取,所用卫星,环境一号A星
森林蓄积量估测,所用卫星,Sentinel2
森林蓄积量估测,所用卫星,Landsat8
森林蓄积量估测,所用卫星,Landsat9
森林蓄积量估测,所用卫星,Sentinel1
森林蓄积量估测,所用卫星,高分三号
森林蓄积量估测,所用卫星,ALOS
森林资源变化监测,所用卫星,高分一号
森林资源变化监测,所用卫星,高分二号
森林资源变化监测,所用卫星,Landsat8
竹林信息提取,所用卫星,Sentinel2
竹林信息提取,所用卫星,高分二号
竹林信息提取,所用卫星,Landsat5
竹林信息提取,所用卫星,Terra
竹林信息提取,所用卫星,SPOT5
叶面积指数反演,所用卫星,Sentinel2
叶面积指数反演,所用卫星,Landsat8
叶面积指数反演,所用卫星,高分一号
叶面积指数反演,所用卫星,高分六号
叶面积指数反演,所用卫星,Terra
森林病虫害遥感监测,所用卫星,Sentinel2
森林病虫害遥感监测,所用卫星,高分一号
森林病虫害遥感监测,所用卫星,高分六号
森林病虫害遥感监测,所用卫星,Landsat8
林隙研究,所用卫星,ENVISAT
林隙研究,所用卫星,Sentinel1
林隙研究,所用卫星,RadarSat-1
森林健康状态评价,所用卫星,Landsat5
森林健康状态评价,所用卫星,Landsat8
森林健康状态评价,所用卫星,SPOT5
油松冠层可燃物含水率反演研究,所用卫星,Sentinel2
输电线路山火监测与报警,所用卫星,风云三号D星
输电线路山火监测与报警,所用卫星,NOAA
马尾松毛虫害信息提取,所用卫星,SPOT5
森林生物量遥感估测,所用卫星,Sentinel1
森林生物量遥感估测,所用卫星,Landsat8
森林生物量遥感估测,所用卫星,Sentinel2
森林生物量遥感估测,所用卫星,高分二号
森林生物量遥感估测,所用卫星,ALOS
森林生物量探测,所用卫星,Sentinel1
森林生物量探测,所用卫星,Landsat8
森林生物量探测,所用卫星,Sentinel2
森林生物量探测,所用卫星,高分二号
森林生物量探测,所用卫星,ALOS
温室气体浓度信息获取,所用卫星,GOSAT
温室气体浓度信息获取,所用卫星,Sentinel5P
温室气体浓度信息获取,所用卫星,Aura
温室气体浓度信息获取,所用卫星,OCO-2
气溶胶光学厚度监测,所用卫星,Landsat8
气溶胶光学厚度监测,所用卫星,Terra
气溶胶光学厚度监测,所用卫星,COMS
气溶胶光学厚度监测,所用卫星,环境一号A星
气溶胶光学厚度监测,所用卫星,风云三号D星
地表温度反演,所用卫星,Landsat8
地表温度反演,所用卫星,Landsat9
地表温度反演,所用卫星,Terra
季节温差分布特点分析,所用卫星,Landsat8
季节温差分布特点分析,所用卫星,Landsat9
季节温差分布特点分析,所用卫星,Sentinel3
季节温差分布特点分析,所用卫星,风云一号D星
季节温差分布特点分析,所用卫星,环境一号B星
大气CO2卫星遥感反演,所用卫星,OCO-3
大气CO2卫星遥感反演,所用卫星,OCO-2
城市热岛效应时空特征分析,所用卫星,Landsat8
城市热岛效应时空特征分析,所用卫星,Terra
城市热岛效应时空特征分析,所用卫星,NOAA
城市热岛效应时空特征分析,所用卫星,环境一号B星
城市热岛效应时空特征分析,所用卫星,风云三号B星
城市热岛效应时空特征分析,所用卫星,风云三号C星
大气细颗粒物PM2.5的遥感反演,所用卫星,Terra
大气细颗粒物PM2.5的遥感反演,所用卫星,Landsat5
大气细颗粒物PM2.5的遥感反演,所用卫星,Himawari-8
细粒子气溶胶光学厚度反演,所用卫星,Landsat8
细粒子气溶胶光学厚度反演,所用卫星,Terra
细粒子气溶胶光学厚度反演,所用卫星,COMS
细粒子气溶胶光学厚度反演,所用卫星,环境一号A星
细粒子气溶胶光学厚度反演,所用卫星,风云三号D星
近地面颗粒物浓度反演,所用卫星,Terra
XCO2时空分布特征分析,所用卫星,OCO-3
XCO2时空分布特征分析,所用卫星,OCO-2
XCO2时空分布特征分析,所用卫星,GOSAT
XCO2时空分布特征分析,所用卫星,Sentinel5P
典型路段冻土分布反演,所用卫星,高分五号
典型路段冻土分布反演,所用卫星,Terra
CH4遥感反演研究,所用卫星,GOSAT
CH4遥感反演研究,所用卫星,GOSAT-2
污染地区气溶胶类型研究,所用卫星,Sentinel2
污染地区气溶胶类型研究,所用卫星,Terra
泥沙指数反演,所用卫星,Landsat8
泥沙指数反演,所用卫星,WorldView-2
泥沙指数反演,所用卫星,环境一号A星
泥沙指数反演,所用卫星,风云三号C星
泥沙指数反演,所用卫星,NMP-EO-1
泥沙指数反演,所用卫星,NOAA
河流提取,所用卫星,高分一号
河流提取,所用卫星,Landsat5
河流提取,所用卫星,Landsat8
河流提取,所用卫星,WorldView-2
地表水遥感监测应用,所用卫星,Landsat8
地表水遥感监测应用,所用卫星,Landsat5
地表水遥感监测应用,所用卫星,Sentinel2
武汉汤逊湖的氨氮、总磷和化学需氧量遥感反演,所用卫星,高分一号
武汉汤逊湖的氨氮、总磷和化学需氧量遥感反演,所用卫星,Landsat8
武汉汤逊湖的氨氮、总磷和化学需氧量遥感反演,所用卫星,Sentinel2
武汉汤逊湖的氨氮、总磷和化学需氧量遥感反演,所用卫星,COMS
松花江流域总磷浓度反演,所用卫星,高分一号
松花江流域总磷浓度反演,所用卫星,Landsat8
松花江流域总磷浓度反演,所用卫星,Sentinel2
松花江流域总磷浓度反演,所用卫星,COMS
松花江流域高锰酸盐指数浓度反演,所用卫星,高分一号
松花江流域高锰酸盐指数浓度反演,所用卫星,Landsat8
松花江流域高锰酸盐指数浓度反演,所用卫星,Sentinel2
松花江流域高锰酸盐指数浓度反演,所用卫星,COMS
松花江流域氨氮浓度反演,所用卫星,高分一号
松花江流域氨氮浓度反演,所用卫星,Landsat8
松花江流域氨氮浓度反演,所用卫星,Sentinel2
松花江流域氨氮浓度反演,所用卫星,COMS
松花江流域化学需氧量浓度反演,所用卫星,高分一号
松花江流域化学需氧量浓度反演,所用卫星,Landsat8
松花江流域化学需氧量浓度反演,所用卫星,Sentinel2
松花江流域化学需氧量浓度反演,所用卫星,COMS
陆表水面面积估算,所用卫星,Terra
水质监测,所用卫星,Landsat8
水质监测,所用卫星,Sentinel2
水质监测,所用卫星,Landsat9
水质监测,所用卫星,高分一号
水质监测,所用卫星,海洋一号D星
水质监测,所用卫星,Sentinel3
海洋灾害监测,所用卫星,Landsat5
海洋灾害监测,所用卫星,SPOT5
海洋灾害监测,所用卫星,NOAA
水土流失情况调查,所用卫星,高分一号
水土流失情况调查,所用卫星,Landsat8
水土流失情况调查,所用卫星,Landsat7
水土流失情况调查,所用卫星,高分六号
水土流失情况调查,所用卫星,Terra
湖泊面积变化分析,所用卫星,Landsat8
湖泊面积变化分析,所用卫星,Landsat7
湖泊面积变化分析,所用卫星,高分六号
湖泊面积变化分析,所用卫星,Landsat8
水体识别,所用卫星,Sentinel2
水体识别,所用卫星,Landsat8
水体识别,所用卫星,环境一号A星
水体识别,所用卫星,高分一号
研究黄前水库水源地保护区的植被覆盖度,所用卫星,Landsat8
海面高度和有效波高探测,所用卫星,海洋二号
海面溢油探测,所用卫星,高分一号
海面溢油探测,所用卫星,Sentinel1
海面溢油探测,所用卫星,COSMO-SkyMed
海面溢油探测,所用卫星,海洋一号C星
海冰探测,所用卫星,RadarSat-1
海冰探测,所用卫星,Sentinel1
海冰探测,所用卫星,风云三号C星
海冰探测,所用卫星,GCOM-W
海冰探测,所用卫星,海洋一号C星
水边线提取,所用卫星,Sentinel2
水边线提取,所用卫星,Landsat8
水边线提取,所用卫星,ICESat–2
水边线提取,所用卫星,资源三号
水利设施监测,所用卫星,高分三号
河口水质反演,所用卫星,高分五号
河口水质反演,所用卫星,Terra
河口水质反演,所用卫星,环境一号A星
河口水质反演,所用卫星,Landsat8
河口水体富营养监测,所用卫星,Landsat8
河口水体富营养监测,所用卫星,Sentinel2
灌溉面积估算,所用卫星,Landsat8
灌溉面积估算,所用卫星,高分一号
湖泊蓝藻水华监测分析,所用卫星,Landsat8
湖泊蓝藻水华监测分析,所用卫星,高分四号
湖泊蓝藻水华监测分析,所用卫星,海洋一号C星
水体富营养化情况监测,所用卫星,高分一号
水体富营养化情况监测,所用卫星,高分五号
水体富营养化情况监测,所用卫星,环境一号A星
水体富营养化情况监测,所用卫星,Terra
复杂水体信息进行提取,所用卫星,高分一号
复杂水体信息进行提取,所用卫星,高分六号
复杂水体信息进行提取,所用卫星,高分二号
复杂水体信息进行提取,所用卫星,Landsat8
水体信息提取,所用卫星,高分一号
水体信息提取,所用卫星,高分六号
水体信息提取,所用卫星,高分二号
水体信息提取,所用卫星,Landsat8
地表水热通量研究,所用卫星,Terra
地表水热通量研究,所用卫星,Landsat5
地表能量平衡研究,所用卫星,Terra
冰情解译,所用卫星,Landsat8
冰情解译,所用卫星,Sentinel2
冰情解译,所用卫星,Landsat7
作物种植结构遥感监测,所用卫星,Sentinel2
作物种植结构遥感监测,所用卫星,Terra
作物种植结构遥感监测,所用卫星,Landsat8
作物种植结构遥感监测,所用卫星,高分一号
作物种植结构遥感监测,所用卫星,高分六号
作物种植结构遥感监测,所用卫星,高分二号
作物种植结构遥感监测,所用卫星,高分五号
悬浮泥沙浓度反演,所用卫星,Landsat8
悬浮泥沙浓度反演,所用卫星,WorldView-2
悬浮泥沙浓度反演,所用卫星,环境一号A星
悬浮泥沙浓度反演,所用卫星,风云三号D星
悬浮泥沙浓度反演,所用卫星,NMP-EO-1
赤潮检测,所用卫星,海洋一号C星
赤潮检测,所用卫星,风云三号D星
赤潮检测,所用卫星,COMS
赤潮检测,所用卫星,高分一号
赤潮检测,所用卫星,Sentinel3
赤潮检测,所用卫星,环境一号A星
获取河道下垫面信息,所用卫星,ALOS
积雪检测,所用卫星,Nimbus7
积雪检测,所用卫星,DMSP
积雪检测,所用卫星,ALOS
珠江口污染物分布,所用卫星,WorldView-2
珠江口污染物分布,所用卫星,Landsat7
珠江口污染物分布,所用卫星,Landsat8
珠江口污染物分布,所用卫星,环境一号A星
珠江口污染物分布,所用卫星,SPOT5
核电站温排水遥感监测,所用卫星,Landsat8
核电站温排水遥感监测,所用卫星,环境一号A星
不透水面信息的提取,所用卫星,Landsat8
不透水面信息的提取,所用卫星,Sentinel2
不透水面信息的提取,所用卫星,Sentinel1
不透水面信息的提取,所用卫星,SNPP
悬浮物浓度反演,所用卫星,Sentinel3
悬浮物浓度反演,所用卫星,Landsat8
悬浮物浓度反演,所用卫星,Sentinel2
地质灾害对道路影响评估,所用卫星,高分二号
地质灾害对道路影响评估,所用卫星,高分一号
矿区地质灾害监测防治,所用卫星,Sentinel1
矿区地质灾害监测防治,所用卫星,Sentinel2
矿区地质灾害监测防治,所用卫星,Pleiades-1
矿区地质灾害监测防治,所用卫星,资源三号
地震应急调查,所用卫星,高分一号
地震应急调查,所用卫星,高分二号
地震应急调查,所用卫星,Sentinel1
地震应急调查,所用卫星,TerraSAR-X
地质灾害识别解译,所用卫星,Sentinel1
地质灾害识别解译,所用卫星,Sentinel2
地质灾害识别解译,所用卫星,Pleiades-1
地质灾害识别解译,所用卫星,资源三号
地质灾害调查评价,所用卫星,Sentinel1
地质灾害调查评价,所用卫星,Sentinel2
地质灾害调查评价,所用卫星,Pleiades-1
地质灾害调查评价,所用卫星,资源三号
地质灾害长期监测,所用卫星,Sentinel1
地质灾害长期监测,所用卫星,Sentinel2
地质灾害长期监测,所用卫星,Pleiades-1
地质灾害长期监测,所用卫星,资源三号
地质灾害应急响应,所用卫星,Sentinel1
地质灾害应急响应,所用卫星,Sentinel2
地质灾害应急响应,所用卫星,Pleiades-1
地质灾害应急响应,所用卫星,资源三号
地质灾害VR展示,所用卫星,Sentinel1
水旱灾害监测评估,所用卫星,Landsat5
水旱灾害监测评估,所用卫星,Sentinel1
水旱灾害监测评估,所用卫星,风云三号D星
水旱灾害监测评估,所用卫星,环境一号A星
水旱灾害监测评估,所用卫星,Terra
高位滑坡应急监测,所用卫星,北京二号
高位滑坡应急监测,所用卫星,高分二号
高位滑坡应急监测,所用卫星,WorldView-2
油气管道地质灾害面识别与监测,所用卫星,Sentinel1
地震灾区滑坡信息获取,所用卫星,Sentinel1
地震灾区滑坡信息获取,所用卫星,高分一号
地震灾区滑坡信息获取,所用卫星,Sentinel2
灾害道路滑坡进行监测和评估,所用卫星,高分二号
灾害道路滑坡进行监测和评估,所用卫星,高分一号
灾害道路滑坡进行监测和评估,所用卫星,高分三号
浒苔自然灾害,所用卫星,Terra
浒苔自然灾害,所用卫星,ENVISAT
浒苔自然灾害,所用卫星,RadarSat-1
浒苔自然灾害,所用卫星,海洋一号C星
建筑物震害信息获取,所用卫星,RadarSat-1
建筑物震害信息获取,所用卫星,高分一号
建筑物震害信息获取,所用卫星,高分二号
建筑物震害信息获取,所用卫星,Quickbird
建筑物震害信息获取,所用卫星,COSMO-SkyMed
地面沉降监测,所用卫星,RadarSat-1
地面沉降监测,所用卫星,高分二号
地面沉降监测,所用卫星,Sentinel1
地面沉降监测,所用卫星,ALOS
地表形变侦测和分析,所用卫星,Sentinel2
地表形变侦测和分析,所用卫星,Sentinel1
地表形变侦测和分析,所用卫星,ALOS
地表形变侦测和分析,所用卫星,ENVISAT
洪涝灾害遥感监测,所用卫星,Sentinel1
洪涝灾害遥感监测,所用卫星,风云三号C星
洪涝灾害遥感监测,所用卫星,环境一号A星
滑坡灾害分布范围获取,所用卫星,Sentinel1
滑坡灾害分布范围获取,所用卫星,Sentinel2
滑坡灾害分布范围获取,所用卫星,高分一号
水旱灾害遥感监测,所用卫星,Landsat5
水旱灾害遥感监测,所用卫星,Sentinel1
水旱灾害遥感监测,所用卫星,风云三号D星
水旱灾害遥感监测,所用卫星,环境一号A星
水旱灾害遥感监测,所用卫星,Terra
水电站边坡风险识别及应用研究,所用卫星,Sentinel1
中国湿地分布的初步遥感制图,所用卫星,Landsat8
中国湿地分布的初步遥感制图,所用卫星,Landsat5
暴雨洪涝灾害进行遥感监测,所用卫星,Sentinel1
暴雨洪涝灾害进行遥感监测,所用卫星,风云三号C星
暴雨洪涝灾害进行遥感监测,所用卫星,环境一号A星
沙尘暴监测,所用卫星,NOAA
沙尘暴监测,所用卫星,Himawari-8
黄土坡滑坡体散射体变形,所用卫星,Sentinel1
海洋赤潮灾害的监测,所用卫星,海洋一号D星
海洋赤潮灾害的监测,所用卫星,风云三号D星
海洋赤潮灾害的监测,所用卫星,COMS
海洋赤潮灾害的监测,所用卫星,Sentinel3
绿潮的实时监测,所用卫星,Landsat8
绿潮的实时监测,所用卫星,Terra
绿潮的实时监测,所用卫星,海洋一号D星
绿潮的实时监测,所用卫星,高分三号
金属矿区地面裂缝遥感调查,所用卫星,WorldView-2
金属矿区地面裂缝遥感调查,所用卫星,Quickbird
煤田火灾热红外遥感反演,所用卫星,Landsat8
煤田火灾热红外遥感反演,所用卫星,Landsat9
甲烷排放检测与量化研究,所用卫星,GOSAT
甲烷排放检测与量化研究,所用卫星,GOSAT-2
甲烷排放检测与量化研究,所用卫星,Sentinel5P
甲烷排放检测与量化研究,所用卫星,高分五号
甲烷排放检测与量化研究,所用卫星,EnMAP
甲烷排放检测与量化研究,所用卫星,GHGSatD
煤矿山环境监测,所用卫星,ALOS
煤矿山环境监测,所用卫星,Quickbird
矿山环境恢复治理,所用卫星,Sentinel1
矿山环境恢复治理,所用卫星,ALOS
矿山环境恢复治理,所用卫星,Terra
矿山环境恢复治理,所用卫星,WorldView-2
矿山环境恢复治理,所用卫星,高分二号
矿山环境恢复治理,所用卫星,SPOT6
矿山环境恢复治理,所用卫星,SPOT7
植被滞尘情况监测和分析,所用卫星,Sentinel2
植被滞尘情况监测和分析,所用卫星,Landsat8
矿山地质环境信息提取研究,所用卫星,高分二号
矿山地质环境信息提取研究,所用卫星,Landsat5
矿山地质环境信息提取研究,所用卫星,Quickbird
矿山地质环境信息提取研究,所用卫星,RapidEye
城市黑臭水体识别,所用卫星,高分一号
城市黑臭水体识别,所用卫星,高分二号
城市黑臭水体识别,所用卫星,PlanetScope
饮用水源地悬浮物的空间分布特征获取,所用卫星,Landsat8
饮用水源地悬浮物的空间分布特征获取,所用卫星,Landsat9
饮用水源地水质安全评估,所用卫星,Landsat8
土壤污染遥感监测,所用卫星,Landsat7
土壤污染遥感监测,所用卫星,高分二号
土壤污染遥感监测,所用卫星,高分五号
秸秆焚烧监测,所用卫星,SNPP
秸秆焚烧监测,所用卫星,Terra
秸秆焚烧监测,所用卫星,Himawari-8
秸秆焚烧监测,所用卫星,Landsat8
秸秆焚烧监测,所用卫星,Sentinel2
秸秆焚烧监测,所用卫星,Terra
秸秆焚烧监测,所用卫星,风云三号D星
秸秆焚烧监测,所用卫星,高分四号
秸秆焚烧监测,所用卫星,环境一号B星
海上漂浮塑料探测与识别,所用卫星,Sentinel2
矿山固体废弃物遥感监测,所用卫星,高分二号
矿山固体废弃物遥感监测,所用卫星,高分一号
矿山固体废弃物遥感监测,所用卫星,环境一号B星
矿山建筑遥感监测,所用卫星,高分一号
矿山建筑遥感监测,所用卫星,高分二号
矿山中转场遥感监测,所用卫星,高分二号
矿山中转场遥感监测,所用卫星,高分一号
矿山地下开采硐口遥感监测,所用卫星,WorldView-2
矿山地下开采硐口遥感监测,所用卫星,高分二号
矿山塌陷坑遥感监测,所用卫星,RapidEye
矿山塌陷坑遥感监测,所用卫星,WorldView-2
秸秆焚烧火点实时监控,所用卫星,SNPP
秸秆焚烧火点实时监控,所用卫星,Terra
秸秆焚烧火点实时监控,所用卫星,Himawari-8
秸秆焚烧火点实时监控,所用卫星,Landsat8
秸秆焚烧火点实时监控,所用卫星,Sentinel2
秸秆焚烧火点实时监控,所用卫星,Terra
秸秆焚烧火点实时监控,所用卫星,风云三号D星
秸秆焚烧火点实时监控,所用卫星,高分四号
秸秆焚烧火点实时监控,所用卫星,环境一号B星
河流水污染监测,所用卫星,Landsat8
河流水污染监测,所用卫星,Sentinel2
河流水污染监测,所用卫星,PlanetScope
余泥渣土场信息提取,所用卫星,高分一号
地表塌陷积水,所用卫星,环境一号B星
油田土壤石油污染检测,所用卫星,Terra
污染土壤修复,所用卫星,NMP-EO-1
生态产品的业务化自动或半自动生产,所用卫星,Landsat5
生态产品的业务化自动或半自动生产,所用卫星,Landsat8
生态产品的业务化自动或半自动生产,所用卫星,Sentinel1
生态产品的业务化自动或半自动生产,所用卫星,Sentinel2
生态产品的业务化自动或半自动生产,所用卫星,高分一号
农业立体污染监测,所用卫星,Terra
典型污染物排放特征分析,所用卫星,Landsat8
典型污染物排放特征分析,所用卫星,Landsat9
草地总生物量动态估算,所用卫星,Landsat8
草地总生物量动态估算,所用卫星,Landsat5
草地总生物量动态估算,所用卫星,Sentinel2
草地总生物量动态估算,所用卫星,Terra
草地总生物量动态估算,所用卫星,高分一号
铀资源勘查,所用卫星,Landsat8
铀资源勘查,所用卫星,高分五号
铀资源勘查,所用卫星,Terra
铀资源勘查,所用卫星,WorldView-3
地热资源勘查,所用卫星,Landsat8
地热资源勘查,所用卫星,Terra
地热资源勘查,所用卫星,ALOS
地下水资源勘查,所用卫星,Landsat8
地下水资源勘查,所用卫星,Landsat5
地下水资源勘查,所用卫星,资源一号02C星
地下水储量变化,所用卫星,Landsat8
地下水储量变化,所用卫星,Landsat5
资源环境效应分析,所用卫星,高分五号
西北重点生态工程实施,所用卫星,高分五号
西北重点区域综合治理,所用卫星,高分五号
西北寒区旱区国土空间优化,所用卫星,高分五号
煤的快速有效识别,所用卫星,Landsat8
煤的快速有效识别,所用卫星,Landsat7
煤的快速有效识别,所用卫星,IKONOS
煤堆放情况动态监测,所用卫星,Landsat8
煤堆放情况动态监测,所用卫星,Landsat7
煤堆放情况动态监测,所用卫星,IKONOS
矸石的快速有效识别,所用卫星,Landsat8
矸石的快速有效识别,所用卫星,QuickBird
矸石堆放情况动态监测,所用卫星,Landsat8
矸石堆放情况动态监测,所用卫星,Landsat7
成矿预测,所用卫星,Landsat8
成矿预测,所用卫星,Landsat7
成矿预测,所用卫星,Landsat5
成矿预测,所用卫星,Terra
成矿预测,所用卫星,高分五号
成矿预测,所用卫星,高分二号
冰川进退,所用卫星,Landsat8
冰川进退,所用卫星,Landsat7
冰川进退,所用卫星,Landsat5
草场退化,所用卫星,Landsat5
矿产资源勘探与监测,所用卫星,Landsat8
矿产资源勘探与监测,所用卫星,Landsat7
矿产资源勘探与监测,所用卫星,Terra
矿产资源勘探与监测,所用卫星,WorldView-3
矿产资源勘探与监测,所用卫星,高分五号
找矿靶区预测,所用卫星,Terra
找矿靶区预测,所用卫星,资源一号02C星
找矿靶区预测,所用卫星,Landsat7
水资源的调查监测,所用卫星,Landsat5
水资源的调查监测,所用卫星,Sentinel2
水资源的调查监测,所用卫星,资源一号02C星
水资源的调查监测,所用卫星,SPOT5
矿产资源勘探,所用卫星,Landsat8
矿产资源勘探,所用卫星,Landsat7
矿产资源勘探,所用卫星,Terra
矿产资源勘探,所用卫星,WorldView-2
矿产资源勘探,所用卫星,高分五号
矿产资源违法开采信息获取,所用卫星,高分一号
矿产资源违法开采信息获取,所用卫星,高分二号
矿产资源违法开采信息获取,所用卫星,资源三号
矿产资源违法开采信息获取,所用卫星,RapidEye
旅游资源调查,所用卫星,Landsat5
旅游资源调查,所用卫星,Landsat8
旅游资源调查,所用卫星,Landsat7
旅游资源调查,所用卫星,高分二号
盐渍化土壤监测,所用卫星,Landsat5
盐渍化土壤监测,所用卫星,Landsat8
盐渍化土壤监测,所用卫星,Sentinel1
盐渍化土壤监测,所用卫星,Sentinel2
盐渍化土壤监测,所用卫星,高分一号
盐渍化土壤监测,所用卫星,高分一号
盐渍化土壤监测,所用卫星,WorldView-2
盐渍化土壤监测,所用卫星,ALOS
盐分信息提取,所用卫星,Landsat8
盐分信息提取,所用卫星,Landsat7
盐分信息提取,所用卫星,Sentinel1
盐分信息提取,所用卫星,Terra
盐分信息提取,所用卫星,高分五号
农林结构调查,所用卫星,Landsat5
农林结构调查,所用卫星,Landsat8
农林结构调查,所用卫星,Landsat7
沙漠进退监测,所用卫星,Landsat5
沙漠进退监测,所用卫星,Landsat8
沙漠进退监测,所用卫星,Landsat7
土地荒漠化监测,所用卫星,Landsat5
土地荒漠化监测,所用卫星,Landsat8
土地荒漠化监测,所用卫星,Landsat7
土地荒漠化监测,所用卫星,Sentinel1
土地荒漠化监测,所用卫星,Terra
湿地资源遥感调查,所用卫星,高分一号
湿地资源遥感调查,所用卫星,Landsat8
湿地资源遥感调查,所用卫星,Landsat7
湿地资源遥感调查,所用卫星,环境一号A星
湿地资源遥感调查,所用卫星,资源三号
湿地资源遥感调查,所用卫星,资源一号02C星
土壤侵蚀等级判定,所用卫星,高分一号
土壤侵蚀等级判定,所用卫星,高分二号
土壤侵蚀等级判定,所用卫星,Landsat5
山间盆地土壤侵蚀现状分析,所用卫星,高分一号
山间盆地土壤侵蚀现状分析,所用卫星,高分二号
山间盆地土壤侵蚀现状分析,所用卫星,Landsat5
土壤侵蚀发展趋势分析,所用卫星,高分一号
土壤侵蚀发展趋势分析,所用卫星,高分二号
土壤侵蚀发展趋势分析,所用卫星,Landsat5
草原利用现状,所用卫星,Landsat5
草原利用现状,所用卫星,Landsat8
草原利用现状,所用卫星,Landsat7
植被健康状况评价,所用卫星,Landsat5
植被健康状况评价,所用卫星,Landsat8
草场退化程度监测,所用卫星,Landsat5
尾矿库环境风险监测,所用卫星,WorldView-2
尾矿库环境风险监测,所用卫星,ALOS
尾矿库环境风险监测,所用卫星,RapidEye
尾矿库环境风险监测,所用卫星,环境一号A星
油气资源勘探,所用卫星,Terra
油田环境监测,所用卫星,Terra
油气工程评价,所用卫星,Terra
水土流失,所用卫星,Landsat8
水土流失,所用卫星,Landsat7
水土流失,所用卫星,高分一号
水土流失,所用卫星,高分六号
水土流失,所用卫星,Terra
监测植被胁迫类型,所用卫星,Sentinel2
草原碳贮量遥感监测,所用卫星,Terra
成矿远景区圈定,所用卫星,Landsat8
成矿远景区圈定,所用卫星,Landsat7
成矿远景区圈定,所用卫星,高分一号
矿区遥感异常信息提取,所用卫星,Landsat7
高分一号,搭载传感器,WFV
高分一号,搭载传感器,PMS
高分二号,搭载传感器,PMS(GF-2)
高分三号,搭载传感器,SAR-C(GF-3)
高分四号,搭载传感器,凝视相机
高分五号,搭载传感器,EMI
高分五号,搭载传感器,GMI
高分五号,搭载传感器,DPC
高分五号,搭载传感器,AHSI
高分五号,搭载传感器,VIMS
高分六号,搭载传感器,PMS(GF-6)
高分六号,搭载传感器,WFV(GF-6)
高分七号,搭载传感器,双线阵立体相机
高分七号,搭载传感器,双线阵立体相机
Landsat7,搭载传感器,ETM+
Landsat8,搭载传感器,OLI
Landsat8,搭载传感器,TIRS
Landsat9,搭载传感器,OLI2
Landsat9,搭载传感器,TIRS2
Sentinel1,搭载传感器,SAR-C(Sentinel1)
Sentinel2,搭载传感器,MSI
Sentinel3,搭载传感器,OLCI
Sentinel3,搭载传感器,SLSTR
Sentinel5P,搭载传感器,TROPOMI
CBERS-4,搭载传感器,MUXCam
CBERS-4,搭载传感器,PanMUX
CBERS-4,搭载传感器,IRS
CBERS-4,搭载传感器,WFI
CBERS-2,搭载传感器,HRCC
CBERS-2,搭载传感器,IRS
GOSAT,搭载传感器,TANSO-FTS
GOSAT,搭载传感器,TANSO-CAI
Terra,搭载传感器,MODIS
Terra,搭载传感器,ASTER
Himawari-8,搭载传感器,AHI-8
COMS,搭载传感器,GOCI
PARASOL,搭载传感器,POLDER
OCO-3,搭载传感器,OCO spectrometer
OCO-2,搭载传感器,OCO spectrometer
GOSAT-2,搭载传感器,TANSO-FTS-2
GOSAT-2,搭载传感器,TANSO-CAI-2
WorldView-2,搭载传感器,WV110(WorldView-2)
GHGSatD,搭载传感器,GHGSat-Spectrometer
PRISMA,搭载传感器,HYC
EnMAP,搭载传感器,HSI(EnMAP)
WorldView-3,搭载传感器,WV110(WorldView-3)
Quickbird,搭载传感器,BGIS2000
Pleiades-1,搭载传感器,HiRI
Geoeye-1,搭载传感器,GIS
PlanetScope,搭载传感器,FLOCK
NOAA,搭载传感器,AVHRR
SNPP,搭载传感器,VIIRS(SNPP)
QuikSCAT,搭载传感器,SeaWinds
ERS-1,搭载传感器,AMI-SAR
ERS-2,搭载传感器,AMI-SAR
JERS,搭载传感器,SAR-L(JERS)
JERS,搭载传感器,OPS
ENVISAT,搭载传感器,ASAR
COSMO-SkyMed,搭载传感器,SAR-2000
Aura,搭载传感器,OMI
Nimbus7,搭载传感器,TOMS
Meteor3,搭载传感器,TOMS
海洋二号,搭载传感器,ALT
ALOS,搭载传感器,PRISM
ALOS,搭载传感器,AVNIR-2
ALOS,搭载传感器,PALSAR
GCOM-W,搭载传感器,AMSR2
TerraSAR-X,搭载传感器,SAR-X(TerraSAR)
RadarSat-1,搭载传感器,SAR-C(RadarSat)
IKONOS,搭载传感器,OSA
北京一号,搭载传感器,多光谱双传感器
北京二号,搭载传感器,VHRI-100
KOMPSAT-5 ,搭载传感器,COSI
ICESat–2,搭载传感器,ATLAS
RESURS-O1,搭载传感器,MSU-SK
BIRD,搭载传感器,HSRS
DMSP,搭载传感器,OLS
WorldView-4,搭载传感器,WV110(WorldView-4)
IRS-P6,搭载传感器,AWiFS
SMOS,搭载传感器,MIRAS
SMAP,搭载传感器,SMAP
ASCENDS,搭载传感器,CO2 lidar
DESDynI,搭载传感器,InSAR
INSAT,搭载传感器,CCD(INSAT)
RapidEye,搭载传感器,REIS
Tandem-L ,搭载传感器,SAR-L(Tandem)
NOAA-21,搭载传感器,VIIRS(NOAA)
KOMPSAT-2,搭载传感器,MSC
NMP-EO-1 ,搭载传感器,Hyperion
风云三号A星,搭载传感器,VIRR
风云三号D星,搭载传感器,MERSI-II
风云三号B星,搭载传感器,VIRR
风云三号C星,搭载传感器,MWRI-1(微波成像仪)
风云一号D星,搭载传感器,MVISR
风云二号A星,搭载传感器,VISSR-I
风云三号C星,搭载传感器,MERSI-1
风云三号B星,搭载传感器,MERSI-1
环境二号A星,搭载传感器,WVC-2
环境二号A星,搭载传感器,IRMSS-2
环境二号A星,搭载传感器,HSI-2
环境二号B星,搭载传感器,WVC-2
环境二号B星,搭载传感器,IRMSS-2
环境二号B星,搭载传感器,HSI-2
海洋一号B星,搭载传感器,CCD成像仪
海洋一号B星,搭载传感器,COCTS
环境一号A星,搭载传感器,CCD相机
环境一号A星,搭载传感器,高光谱相机
海洋一号D星,搭载传感器,CZI
海洋一号D星,搭载传感器,COCTS
环境一号C星,搭载传感器,SAR-S(HJ-1)
环境一号B星,搭载传感器,CCD相机
环境一号B星,搭载传感器,红外多光谱相机
海洋一号C星,搭载传感器,CZI
海洋一号C星,搭载传感器,COCTS
资源三号,搭载传感器,三线阵测绘相机
资源三号,搭载传感器,多光谱相机
资源一号02C星,搭载传感器,PMS(资源一号)
资源一号02C星,搭载传感器,HR相机
SPOT6,搭载传感器,NAOMI
SPOT7,搭载传感器,NAOMI
SPOT5,搭载传感器,HRG
SPOT5,搭载传感器,HRS
SPOT5,搭载传感器,Végétation
WFV,时间分辨率是,4days
PMS,时间分辨率是,4days
PMS(GF-2),时间分辨率是,5days
SAR-C(GF-3),时间分辨率是,1day
凝视相机,时间分辨率是,20s
EMI,时间分辨率是,1day
GMI,时间分辨率是,1day
DPC,时间分辨率是,1day
AHSI,时间分辨率是,1day
VIMS,时间分辨率是,1day
PMS(GF-6),时间分辨率是,4days
WFV(GF-6),时间分辨率是,4days
双线阵立体相机,时间分辨率是,60days
TM,时间分辨率是,16days
ETM+,时间分辨率是,16days
OLI,时间分辨率是,16days
TIRS,时间分辨率是,16days
OLI2,时间分辨率是,16days
TIRS2,时间分辨率是,16days
SAR-C(Sentinel1),时间分辨率是,6days
MSI,时间分辨率是,5days
OLCI,时间分辨率是,2days
SLSTR,时间分辨率是,2days
TROPOMI,时间分辨率是,1day
MUXCam,时间分辨率是,26days
PanMUX,时间分辨率是,52days
IRS,时间分辨率是,26days
WFI,时间分辨率是,5days
HRCC,时间分辨率是,26days
TANSO-FTS,时间分辨率是,3days
TANSO-CAI,时间分辨率是,3days
MODIS,时间分辨率是,1day
ASTER,时间分辨率是,16days
AHI-8,时间分辨率是,10min
GOCI,时间分辨率是,1day
POLDER,时间分辨率是,1day
OCO spectrometer,时间分辨率是,1month
TANSO-FTS-2,时间分辨率是,3days
TANSO-CAI-2,时间分辨率是,3days
WV110(WorldView-2),时间分辨率是,3.7days
GHGSat-Spectrometer,时间分辨率是,14days
HYC,时间分辨率是,3months
HSI(EnMAP),时间分辨率是,80days
WV110(WorldView-3),时间分辨率是,1day
BGIS2000,时间分辨率是,1day
HiRI,时间分辨率是,1day
GIS,时间分辨率是,1day
FLOCK,时间分辨率是,3.5months
AVHRR,时间分辨率是,1day
VIIRS(SNPP),时间分辨率是,16days
SeaWinds,时间分辨率是,1day
AMI-SAR,时间分辨率是,9months
SAR-L(JERS),时间分辨率是,6months
OPS,时间分辨率是,1month
ASAR,时间分辨率是,5days
SAR-2000,时间分辨率是,2weeks
OMI,时间分辨率是,1day
TOMS,时间分辨率是,1day
ALT,时间分辨率是,1month
PRISM,时间分辨率是,46days
AVNIR-2,时间分辨率是,46days
PALSAR,时间分辨率是,2weeks
AMSR2,时间分辨率是,1day
SAR-X(TerraSAR),时间分辨率是,11days
SAR-C(RadarSat),时间分辨率是,12days
OSA,时间分辨率是,3days
多光谱双传感器,时间分辨率是,5days
VHRI-100,时间分辨率是,1day
COSI,时间分辨率是,28days
ATLAS,时间分辨率是,183days
MSU-SK,时间分辨率是,3days
HSRS,时间分辨率是,2weeks
OLS,时间分辨率是,1day
WV110(WorldView-4),时间分辨率是,1day
AWiFS,时间分辨率是,5days
MIRAS,时间分辨率是,3days
SMAP,时间分辨率是,1.5days
CO2 lidar,时间分辨率是,2weeks
InSAR,时间分辨率是,2weeks
CCD(INSAT),时间分辨率是,1day
REIS,时间分辨率是,1day
SAR-L(Tandem),时间分辨率是,4days
VIIRS(NOAA),时间分辨率是,16days
MSC,时间分辨率是,3days
Hyperion,时间分辨率是,1day
VIRR,时间分辨率是,1day
MERSI-II,时间分辨率是,1day
MWRI-1(微波成像仪),时间分辨率是,1day
MVISR,时间分辨率是,1day
VISSR-I,时间分辨率是,30min
MERSI-1,时间分辨率是,1day
WVC-2,时间分辨率是,4days
IRMSS-2,时间分辨率是,4days
HSI-2,时间分辨率是,62days
CCD成像仪,时间分辨率是,7days
COCTS,时间分辨率是,1day
CCD相机,时间分辨率是,4days
高光谱相机,时间分辨率是,4days
CZI,时间分辨率是,3days
SAR-S(HJ-1),时间分辨率是,4days
红外多光谱相机,时间分辨率是,4days
三线阵测绘相机,时间分辨率是,5days
多光谱相机,时间分辨率是,5days
PMS(资源一号),时间分辨率是,3days
HR相机,时间分辨率是,3days
NAOMI,时间分辨率是,1day
HRG,时间分辨率是,26days
HRS,时间分辨率是,26days
Végétation,时间分辨率是,1day
蓝色波段(WFV),空间分辨率是,16m
绿色波段(WFV),空间分辨率是,16m
红色波段(WFV),空间分辨率是,16m
近红外波段(WFV),空间分辨率是,16m
全色波段(PMS),空间分辨率是,2m
蓝色波段(PMS),空间分辨率是,8m
绿色波段(PMS),空间分辨率是,8m
红色波段(PMS),空间分辨率是,8m
近红外波段(PMS),空间分辨率是,8m
全色波段(PMS(GF-2)),空间分辨率是,2m
蓝色波段(PMS(GF-2)),空间分辨率是,8m
绿色波段(PMS(GF-2)),空间分辨率是,8m
红色波段(PMS(GF-2)),空间分辨率是,8m
近红外波段(PMS(GF-2)),空间分辨率是,8m
全色波段(凝视相机),空间分辨率是,50m
蓝色波段(凝视相机),空间分辨率是,50m
绿色波段(凝视相机),空间分辨率是,50m
红色波段(凝视相机),空间分辨率是,50m
近红外波段(凝视相机),空间分辨率是,50m
中波红外波段(凝视相机),空间分辨率是,400m
紫外波段(EMI),空间分辨率是,13km
可见光波段(EMI),空间分辨率是,13km
近红外波段(GMI),空间分辨率是,10.3km
短波红外波段(GMI),空间分辨率是,10.3km
可见光波段(DPC),空间分辨率是,3.5km
短波红外波段(DPC),空间分辨率是,3.5km
可见光波段(AHSI),空间分辨率是,30m
近红外波段(AHSI),空间分辨率是,30m
短波红外波段(AHSI),空间分辨率是,30m
可见光波段(VIMS),空间分辨率是,20m
近红外波段(VIMS),空间分辨率是,20m
短波红外波段(VIMS),空间分辨率是,20m
中波红外波段(VIMS),空间分辨率是,40m
热红外波段(VIMS),空间分辨率是,40m
全色波段(PMS(GF-6)),空间分辨率是,2m
蓝色波段(PMS(GF-6)),空间分辨率是,8m
绿色波段(PMS(GF-6)),空间分辨率是,8m
红色波段(PMS(GF-6)),空间分辨率是,8m
近红外波段(PMS(GF-6)),空间分辨率是,8m
海岸蓝波段(WFV(GF-6)),空间分辨率是,16m
蓝色波段(WFV(GF-6)),空间分辨率是,16m
绿色波段(WFV(GF-6)),空间分辨率是,16m
黄色波段(WFV(GF-6)),空间分辨率是,16m
红色波段(WFV(GF-6)),空间分辨率是,16m
红边波段1(WFV(GF-6)),空间分辨率是,16m
红边波段2(WFV(GF-6)),空间分辨率是,16m
近红外波段(WFV(GF-6)),空间分辨率是,16m
全色波段(双线阵立体相机),空间分辨率是,0.8m
蓝色波段(双线阵立体相机),空间分辨率是,2.6m
绿色波段(双线阵立体相机),空间分辨率是,2.6m
红色波段(双线阵立体相机),空间分辨率是,2.6m
近红外波段(双线阵立体相机),空间分辨率是,2.6m
蓝色波段(TM),空间分辨率是,30m
绿色波段(TM),空间分辨率是,30m
红色波段(TM),空间分辨率是,30m
近红外波段(TM),空间分辨率是,30m
短波红外波段1(TM),空间分辨率是,30m
热红外波段(TM),空间分辨率是,120m
短波红外波段2(TM),空间分辨率是,30m
蓝色波段(ETM+),空间分辨率是,30m
绿色波段(ETM+),空间分辨率是,30m
红色波段(ETM+),空间分辨率是,30m
近红外波段(ETM+),空间分辨率是,30m
短波红外波段1(ETM+),空间分辨率是,30m
热红外波段(ETM+),空间分辨率是,60m
短波红外波段2(ETM+),空间分辨率是,30m
全色波段,空间分辨率是,15m
海岸波段(OLI),空间分辨率是,30m
蓝色波段(OLI),空间分辨率是,30m
绿色波段(OLI),空间分辨率是,30m
红色波段(OLI),空间分辨率是,30m
近红外波段(OLI),空间分辨率是,30m
短波红外波段1(OLI),空间分辨率是,30m
短波红外波段2(OLI),空间分辨率是,30m
全色波段(OLI),空间分辨率是,15m
圈云波段(OLI),空间分辨率是,30m
热红外波段1(TIRS),空间分辨率是,100m
热红外波段2(TIRS),空间分辨率是,100m
海岸波段(OLI2),空间分辨率是,30m
蓝色波段(OLI2),空间分辨率是,30m
绿色波段(OLI2),空间分辨率是,30m
红色波段(OLI2),空间分辨率是,30m
近红外波段(OLI2),空间分辨率是,30m
短波红外波段1(OLI2),空间分辨率是,30m
短波红外波段2(OLI2),空间分辨率是,30m
全色波段(OLI2),空间分辨率是,15m
圈云波段(OLI2),空间分辨率是,30m
热红外波段1(TIRS2),空间分辨率是,100m
热红外波段2(TIRS2),空间分辨率是,100m
海岸/气溶胶波段(MSI),空间分辨率是,60m
蓝色波段(MSI),空间分辨率是,10m
绿色波段(MSI),空间分辨率是,10m
红色波段(MSI),空间分辨率是,10m
植被红边波段1(MSI),空间分辨率是,20m
植被红边波段2(MSI),空间分辨率是,20m
植被红边波段3(MSI),空间分辨率是,20m
近红外波段(MSI),空间分辨率是,10m
窄边近红外波段(MSI),空间分辨率是,20m
水蒸气波段(MSI),空间分辨率是,60m
短波红外-卷云波段(MSI),空间分辨率是,60m
短波红外波段1(MSI),空间分辨率是,20m
短波红外波段2(MSI),空间分辨率是,20m
可见光波段(SLSTR),空间分辨率是,500m
近红外波段(SLSTR),空间分辨率是,500m
短波红外波段(SLSTR),空间分辨率是,500m
中波红外波段(SLSTR),空间分辨率是,1km
热红外波段(SLSTR),空间分辨率是,1km
蓝色波段(MUXCam),空间分辨率是,20m
绿色波段(MUXCam),空间分辨率是,20m
红色波段(MUXCam),空间分辨率是,20m
近红外波段(MUXCam),空间分辨率是,20m
全色波段(PanMUX),空间分辨率是,5m
绿色波段(PanMUX),空间分辨率是,10m
红色波段(PanMUX),空间分辨率是,10m
近红外波段(PanMUX),空间分辨率是,10m
近红外波段(IRS),空间分辨率是,40m
短波红外波段1(IRS),空间分辨率是,40m
短波红外波段2(IRS),空间分辨率是,40m
热红外波段(IRS),空间分辨率是,80m
蓝色波段(WFI),空间分辨率是,64m
绿色波段(WFI),空间分辨率是,64m
红色波段(WFI),空间分辨率是,64m
近红外波段(WFI),空间分辨率是,64m
全色波段(HRCC),空间分辨率是,20m
蓝色波段(HRCC),空间分辨率是,20m
绿色波段(HRCC),空间分辨率是,20m
红色波段(HRCC),空间分辨率是,20m
近红外波段(HRCC),空间分辨率是,20m
近红外波段(TANSO-FTS),空间分辨率是,10.5km
短波红外波段(TANSO-FTS),空间分辨率是,10.5km
热红外波段(TANSO-FTS),空间分辨率是,10.5km
紫外波段(TANSO-CAI),空间分辨率是,500m
可见光波段(TANSO-CAI),空间分辨率是,500m
近红外波段(TANSO-CAI),空间分辨率是,500m
短波红外波段(TANSO-CAI),空间分辨率是,1.5km
可见光近红外波段(ASTER),空间分辨率是,15m
短波红外波段(ASTER),空间分辨率是,30m
热红外波段(ASTER),空间分辨率是,90m
蓝色波段(AHI-8),空间分辨率是,1km
绿色波段,空间分辨率是,1km
红色波段(AHI-8),空间分辨率是,500m
近红外波段(AHI-8),空间分辨率是,1km
短波红外波段(AHI-8),空间分辨率是,2km
热红外波段(AHI-8),空间分辨率是,2km
可见光波段(GOCI),空间分辨率是,500m
近红外波段(GOCI),空间分辨率是,500m
近红外波段(OCO spectrometer),空间分辨率是,1.29km
短波红外波段(OCO spectrometer),空间分辨率是,1.29km
近红外波段(TANSO-FTS-2),空间分辨率是,10.5km
短波红外波段(TANSO-FTS-2),空间分辨率是,10.5km
热红外波段(TANSO-FTS-2),空间分辨率是,10.5km
可见光波段(TANSO-CAI-2),空间分辨率是,460m
紫外波段(TANSO-CAI-2),空间分辨率是,460m
近红外波段(TANSO-CAI-2),空间分辨率是,460m
短波红外波段(TANSO-CAI-2),空间分辨率是,960m
全色波段(WV110(WorldView-2)),空间分辨率是,0.46m
海岸波段(WV110(WorldView-2)),空间分辨率是,1.8m
蓝色波段(WV110(WorldView-2)),空间分辨率是,1.8m
绿色波段(WV110(WorldView-2)),空间分辨率是,1.8m
黄色波段(WV110(WorldView-2)),空间分辨率是,1.8m
红色波段(WV110(WorldView-2)),空间分辨率是,1.8m
红边波段(WV110(WorldView-2)),空间分辨率是,1.8m
近红外波段1(WV110(WorldView-2)),空间分辨率是,1.8m
近红外波段2(WV110(WorldView-2)),空间分辨率是,1.8m
可见光近红外波段(HYC),空间分辨率是,30m
短波红外波段(HYC),空间分辨率是,30m
全色波段(HYC),空间分辨率是,5m
可见光近红外波段(HSI(EnMAP)),空间分辨率是,30m
短波红外波段1(HSI(EnMAP)),空间分辨率是,30m
短波红外波段2(HSI(EnMAP)),空间分辨率是,30m
短波红外波段3(HSI(EnMAP)),空间分辨率是,30m
全色波段(WV110(WorldView-3)),空间分辨率是,0.31m
海岸波段(WV110(WorldView-3)),空间分辨率是,1.24m
蓝色波段(WV110(WorldView-3)),空间分辨率是,1.24m
绿色波段(WV110(WorldView-3)),空间分辨率是,1.24m
黄色波段(WV110(WorldView-3)),空间分辨率是,1.24m
红色波段(WV110(WorldView-3)),空间分辨率是,1.24m
红边波段(WV110(WorldView-3)),空间分辨率是,1.24m
近红外波段(WV110(WorldView-3)),空间分辨率是,1.24m
短波红外波段(WV110(WorldView-3)),空间分辨率是,3.7m
CAVIS波段(WV110(WorldView-3)),空间分辨率是,30m
全色波段(BGIS2000),空间分辨率是,0.65m
蓝色波段(BGIS2000),空间分辨率是,2.62m
绿色波段(BGIS2000),空间分辨率是,2.62m
红色波段(BGIS2000),空间分辨率是,2.62m
近红外波段(BGIS2000),空间分辨率是,2.62m
全色波段(HiRI),空间分辨率是,0.5m
蓝色波段(HiRI),空间分辨率是,2m
绿色波段(HiRI),空间分辨率是,2m
红色波段(HiRI),空间分辨率是,2m
近红外波段(HiRI),空间分辨率是,2m
全色波段(GIS),空间分辨率是,0.41m
蓝色波段(GIS),空间分辨率是,1.64m
绿色波段(GIS),空间分辨率是,1.64m
红色波段(GIS),空间分辨率是,1.64m
近红外波段(GIS),空间分辨率是,1.64m
蓝色波段(FLOCK),空间分辨率是,3.7m
绿色波段(FLOCK),空间分辨率是,3.7m
红色波段(FLOCK),空间分辨率是,3.7m
近红外波段(FLOCK),空间分辨率是,3.7m
可见光波段(AVHRR),空间分辨率是,1km
近红外波段(AVHRR),空间分辨率是,1km
中波红外波段(AVHRR),空间分辨率是,1km
热红外波段(AVHRR),空间分辨率是,1km
I波段(VIIRS(SNPP)),空间分辨率是,375m
M波段(VIIRS(SNPP)),空间分辨率是,750m
DNB波段(VIIRS(SNPP)),空间分辨率是,750m
绿色波段(OPS),空间分辨率是,18m
红色波段(OPS),空间分辨率是,18m
近红外波段(OPS),空间分辨率是,18m
短波红外波段(OPS),空间分辨率是,18m
全色波段(PRISM),空间分辨率是,2.5m
蓝色波段(AVNIR-2),空间分辨率是,10m
绿色波段(AVNIR-2),空间分辨率是,10m
红色波段(AVNIR-2),空间分辨率是,10m
近红外波段(AVNIR-2),空间分辨率是,10m
全色波段(OSA),空间分辨率是,0.82m
蓝色波段(OSA),空间分辨率是,3m
绿色波段(OSA),空间分辨率是,3m
红色波段(OSA),空间分辨率是,3m
近红外波段(OSA),空间分辨率是,3m
全色波段(多光谱双传感器),空间分辨率是,4m
绿色波段(多光谱双传感器),空间分辨率是,32m
红色波段(多光谱双传感器),空间分辨率是,32m
近红外波段(多光谱双传感器),空间分辨率是,32m
全色波段(VHRI-100),空间分辨率是,0.8m
蓝色波段(VHRI-100),空间分辨率是,3.2m
绿色波段(VHRI-100),空间分辨率是,3.2m
红色波段(VHRI-100),空间分辨率是,3.2m
近红外波段(VHRI-100),空间分辨率是,3.2m
中波红外波段(HSRS),空间分辨率是,372m
热红外波段(HSRS),空间分辨率是,372m
绿色波段(MSU-SK),空间分辨率是,170m
红色波段(MSU-SK),空间分辨率是,170m
近红外波段(MSU-SK),空间分辨率是,170m
热红外波段(MSU-SK),空间分辨率是,600m
可见光波段(OLS),空间分辨率是,560m
热红外波段(OLS),空间分辨率是,560m
全色波段(WV110(WorldView-4)),空间分辨率是,0.31m
蓝色波段(WV110(WorldView-4)),空间分辨率是,1.24m
绿色波段(WV110(WorldView-4)),空间分辨率是,1.24m
红色波段(WV110(WorldView-4)),空间分辨率是,1.24m
近红外波段(WV110(WorldView-4)),空间分辨率是,1.24m
绿色波段(AWiFS),空间分辨率是,5.8m
红色波段(AWiFS),空间分辨率是,5.8m
近红外波段(AWiFS),空间分辨率是,5.8m
短波红外波段(AWiFS),空间分辨率是,5.8m
红色波段(CCD(INSAT)),空间分辨率是,1km
近红外波段(CCD(INSAT)),空间分辨率是,1km
短波红外波段(CCD(INSAT)),空间分辨率是,1km
蓝色波段(REIS),空间分辨率是,5m
绿色波段(REIS),空间分辨率是,5m
红色波段(REIS),空间分辨率是,5m
红外波段(REIS),空间分辨率是,5m
近红外波段(REIS),空间分辨率是,5m
I波段(VIIRS(NOAA)),空间分辨率是,375m
M波段(VIIRS(NOAA)),空间分辨率是,750m
DNB波段(VIIRS(NOAA)),空间分辨率是,750m
全色波段(MSC),空间分辨率是,1m
蓝色波段(MSC),空间分辨率是,4m
绿色波段(MSC),空间分辨率是,4m
红色波段(MSC),空间分辨率是,4m
近红外波段(MSC),空间分辨率是,4m
可见光波段(VIRR),空间分辨率是,1.1km
近红外波段(VIRR),空间分辨率是,1.1km
短波红外波段(VIRR),空间分辨率是,1.1km
中波红外波段(VIRR),空间分辨率是,1.1km
热红外波段(VIRR),空间分辨率是,1.1km
可见光波段(MERSI-II),空间分辨率是,250m
近红外波段(MERSI-II),空间分辨率是,1km
短波红外波段(MERSI-II),空间分辨率是,1km
中波红外波段(MERSI-II),空间分辨率是,1km
热红外波段(MERSI-II),空间分辨率是,1km
可见光波段(MVISR),空间分辨率是,1.1km
近红外波段(MVISR),空间分辨率是,1.1km
短波红外波段(MVISR),空间分辨率是,1.1km
热红外波段(MVISR),空间分辨率是,1.1km
可见光波段(VISSR-I),空间分辨率是,1.25km
热红外波段(VISSR-I),空间分辨率是,5km
可见光波段(MERSI-1),空间分辨率是,250m
近红外波段(MERSI-1),空间分辨率是,1km
短波红外波段(MERSI-1),空间分辨率是,1km
中波红外波段(MERSI-1),空间分辨率是,1km
热红外波段(MERSI-1),空间分辨率是,1km
蓝色波段(WVC-2),空间分辨率是,16m
绿色波段(WVC-2),空间分辨率是,16m
红色波段(WVC-2),空间分辨率是,16m
近红外波段(WVC-2),空间分辨率是,16m
近红外波段(IRMSS-2),空间分辨率是,48m
短波红外波段(IRMSS-2),空间分辨率是,48m
中波红外波段(IRMSS-2),空间分辨率是,48m
热红外波段(IRMSS-2),空间分辨率是,48m
近红外波段(IRMSS-2),空间分辨率是,48m
短波红外波段(IRMSS-2),空间分辨率是,48m
中波红外波段(IRMSS-2),空间分辨率是,48m
热红外波段(IRMSS-2),空间分辨率是,48m
蓝色波段(CCD成像仪),空间分辨率是,250m
绿色波段(CCD成像仪),空间分辨率是,250m
红色波段(CCD成像仪),空间分辨率是,250m
近红外波段(CCD成像仪),空间分辨率是,250m
蓝色波段(CCD相机),空间分辨率是,30m
绿色波段(CCD相机),空间分辨率是,30m
红色波段(CCD相机),空间分辨率是,30m
近红外波段(CCD相机),空间分辨率是,30m
蓝色波段(CZI),空间分辨率是,50m
绿色波段(CZI),空间分辨率是,50m
红色波段(CZI),空间分辨率是,50m
近红外波段(CZI),空间分辨率是,50m
近红外波段(红外多光谱相机),空间分辨率是,150m
短波红外波段(红外多光谱相机),空间分辨率是,150m
中红外波段(红外多光谱相机),空间分辨率是,150m
热红外波段(红外多光谱相机),空间分辨率是,300m
全色波段(三线阵测绘相机),空间分辨率是,2.1m
蓝色波段(多光谱相机),空间分辨率是,5.8m
绿色波段(多光谱相机),空间分辨率是,5.8m
红色波段(多光谱相机),空间分辨率是,5.8m
近红外波段(多光谱相机),空间分辨率是,5.8m
全色波段(PMS(资源一号)),空间分辨率是,5m
绿色波段(PMS(资源一号)),空间分辨率是,10m
红色波段(PMS(资源一号)),空间分辨率是,10m
近红外波段(PMS(资源一号)),空间分辨率是,10m
全色波段(HR相机),空间分辨率是,2.36m
全色波段(NAOMI),空间分辨率是,1.5m
蓝色波段(NAOMI),空间分辨率是,6m
绿色波段(NAOMI),空间分辨率是,6m
红色波段(NAOMI),空间分辨率是,6m
近红外波段(NAOMI),空间分辨率是,6m
绿色波段(HRG),空间分辨率是,10m
红色波段(HRG),空间分辨率是,10m
近红外波段(HRG),空间分辨率是,10m
全色波段(HRG),空间分辨率是,2.5m
绿色波段(HRS),空间分辨率是,10m
红色波段(HRS),空间分辨率是,10m
近红外波段(HRS),空间分辨率是,10m
全色波段(HRS),空间分辨率是,2.5m
短波红外波段(HRS),空间分辨率是,10m
蓝色波段(Végétation),空间分辨率是,1.15km
红色波段(Végétation),空间分辨率是,1.15km
近红外波段(Végétation),空间分辨率是,1.15km
中红外波段(Végétation),空间分辨率是,1.15km
滑动聚束模式,空间分辨率是,1m
超精细条带模式(SAR-C(GF-3)),空间分辨率是,3m
精细条带模式1,空间分辨率是,5m
精细条带模式2,空间分辨率是,10m
标准条带模式,空间分辨率是,25m
全极化条带模式1,空间分辨率是,8m
全极化条带模式2,空间分辨率是,25m
窄幅扫描模式,空间分辨率是,50m
宽幅扫描模式(SAR-C(GF-3)),空间分辨率是,100m
全球观测成像模式,空间分辨率是,500m
扩展入射角,空间分辨率是,25m
波成像模式,空间分辨率是,10m
条带模式(SAR-C(Sentinel1)),空间分辨率是,5m
干涉宽幅模式,空间分辨率是,20m
超宽幅模式,空间分辨率是,40m
波模式(SAR-C(Sentinel1)),空间分辨率是,5m
图像模式(AMI-SAR),空间分辨率是,30m
波模式(AMI-SAR),空间分辨率是,30m
散射模式,空间分辨率是,30m
图像模式(ASAR),空间分辨率是,30m
全球监测模式,空间分辨率是,1000m
波模式(ASAR),空间分辨率是,30m
宽幅模式(ASAR),空间分辨率是,150m
交替极化模式,空间分辨率是,30m
聚束模式(SAR-2000),空间分辨率是,1m
条带模式-HImage,空间分辨率是,3m
条带模式-Ping Pong,空间分辨率是,15m
扫描模式-Wide Region,空间分辨率是,30m
扫描模式-Huge Region,空间分辨率是,100m
聚束模式(PALSAR),空间分辨率是,3m
超精细条带模式(PALSAR),空间分辨率是,3m
高精细条带模式,空间分辨率是,6m
精细条带模式,空间分辨率是,10m
扫描模式(PALSAR),空间分辨率是,100m
全极化模式(PALSAR),空间分辨率是,10m
凝视聚束模式,空间分辨率是,0.6m
高分辨率聚束模式,空间分辨率是,1.2m
聚束模式(SAR-X(TerraSAR)),空间分辨率是,1.2m
条带模式(SAR-X(TerraSAR)),空间分辨率是,1.2m
扫描模式(SAR-X(TerraSAR)),空间分辨率是,1.2m
宽幅扫描模式(SAR-X(TerraSAR)),空间分辨率是,1.7m
低分辨率模式1,空间分辨率是,100m
中等分辨率模式1,空间分辨率是,50m
中等分辨率模式2,空间分辨率是,30m
中等分辨率模式3,空间分辨率是,16m
高分辨率模式(SAR-C(RadarSat)),空间分辨率是,5m
更高分辨率模式,空间分辨率是,3m
低噪声模式,空间分辨率是,100m
聚束模式(SAR-C(RadarSat)),空间分辨率是,1m
全极化模式(SAR-C(RadarSat)),空间分辨率是,9m
高分辨率模式(COSI),空间分辨率是,1m
标准模式,空间分辨率是,3m
宽幅模式(COSI),空间分辨率是,20m
宽幅成像模式,空间分辨率是,7m
窄幅成像模式,空间分辨率是,7m
条带模式(SAR-S(HJ-1)),空间分辨率是,5m
扫描模式(SAR-S(HJ-1)),空间分辨率是,25m
OLCI,空间分辨率是,300m
TROPOMI,空间分辨率是,7km
MODIS,空间分辨率是,250m
MODIS,空间分辨率是,500m
MODIS,空间分辨率是,1km
POLDER,空间分辨率是,6.5km
GHGSat-Spectrometer,空间分辨率是,25m
SeaWinds,空间分辨率是,50km
SAR-L(JERS),空间分辨率是,18m
OMI,空间分辨率是,大于1.2km
TOMS,空间分辨率是,50km
ALT,空间分辨率是,2km
AMSR2,空间分辨率是,2m
ATLAS,空间分辨率是,66m
MIRAS,空间分辨率是,50km
SMAP,空间分辨率是,40km
CO2 lidar,空间分辨率是,125m
InSAR,空间分辨率是,10m
Hyperion,空间分辨率是,30m
MWRI-1(微波成像仪),空间分辨率是,90cm
COCTS,空间分辨率是,1.1km
高光谱相机,空间分辨率是,100m
WFV,运行平台,高分一号
PMS,运行平台,高分一号
PMS(GF-2),运行平台,高分二号
SAR-C(GF-3),运行平台,高分三号
凝视相机,运行平台,高分四号
EMI,运行平台,高分五号
GMI,运行平台,高分五号
DPC,运行平台,高分五号
AHSI,运行平台,高分五号
VIMS,运行平台,高分五号
PMS(GF-6),运行平台,高分六号
WFV(GF-6),运行平台,高分六号
双线阵立体相机,运行平台,高分七号
双线阵立体相机,运行平台,高分七号
ETM+,运行平台,Landsat7
OLI,运行平台,Landsat8
TIRS,运行平台,Landsat8
OLI2,运行平台,Landsat9
TIRS2,运行平台,Landsat9
SAR-C(Sentinel1),运行平台,Sentinel1
MSI,运行平台,Sentinel2
OLCI,运行平台,Sentinel3
SLSTR,运行平台,Sentinel3
TROPOMI,运行平台,Sentinel5P
MUXCam,运行平台,CBERS-4
PanMUX,运行平台,CBERS-4
IRS,运行平台,CBERS-4
WFI,运行平台,CBERS-4
HRCC,运行平台,CBERS-2
IRS,运行平台,CBERS-2
TANSO-FTS,运行平台,GOSAT
TANSO-CAI,运行平台,GOSAT
MODIS,运行平台,Terra
ASTER,运行平台,Terra
AHI-8,运行平台,Himawari-8
GOCI,运行平台,COMS
POLDER,运行平台,PARASOL
OCO spectrometer,运行平台,OCO-3
OCO spectrometer,运行平台,OCO-2
TANSO-FTS-2,运行平台,GOSAT-2
TANSO-CAI-2,运行平台,GOSAT-2
WV110(WorldView-2),运行平台,WorldView-2
GHGSat-Spectrometer,运行平台,GHGSatD
HYC,运行平台,PRISMA
HSI(EnMAP),运行平台,EnMAP
WV110(WorldView-3),运行平台,WorldView-3
BGIS2000,运行平台,Quickbird
HiRI,运行平台,Pleiades-1
GIS,运行平台,Geoeye-1
FLOCK,运行平台,PlanetScope
AVHRR,运行平台,NOAA
VIIRS(SNPP),运行平台,SNPP
SeaWinds,运行平台,QuikSCAT
AMI-SAR,运行平台,ERS-1
AMI-SAR,运行平台,ERS-2
SAR-L(JERS),运行平台,JERS
OPS,运行平台,JERS
ASAR,运行平台,ENVISAT
SAR-2000,运行平台,COSMO-SkyMed
OMI,运行平台,Aura
TOMS,运行平台,Nimbus7
TOMS,运行平台,Meteor3
ALT,运行平台,海洋二号
PRISM,运行平台,ALOS
AVNIR-2,运行平台,ALOS
PALSAR,运行平台,ALOS
AMSR2,运行平台,GCOM-W
SAR-X(TerraSAR),运行平台,TerraSAR-X
SAR-C(RadarSat),运行平台,RadarSat-1
OSA,运行平台,IKONOS
多光谱双传感器,运行平台,北京一号
VHRI-100,运行平台,北京二号
COSI,运行平台,KOMPSAT-5 
ATLAS,运行平台,ICESat–2
MSU-SK,运行平台,RESURS-O1
HSRS,运行平台,BIRD
OLS,运行平台,DMSP
WV110(WorldView-4),运行平台,WorldView-4
AWiFS,运行平台,IRS-P6
MIRAS,运行平台,SMOS
SMAP,运行平台,SMAP
CO2 lidar,运行平台,ASCENDS
InSAR,运行平台,DESDynI
CCD(INSAT),运行平台,INSAT
REIS,运行平台,RapidEye
SAR-L(Tandem),运行平台,Tandem-L
VIIRS(NOAA),运行平台,NOAA-21
MSC,运行平台,KOMPSAT-2
Hyperion,运行平台,NMP-EO-1
VIRR,运行平台,风云三号A星
MERSI-II,运行平台,风云三号D星
VIRR,运行平台,风云三号B星
MWRI-1(微波成像仪),运行平台,风云三号C星
MVISR,运行平台,风云一号D星
VISSR-I,运行平台,风云二号A星
MERSI-1,运行平台,风云三号C星
MERSI-1,运行平台,风云三号B星
WVC-2,运行平台,环境二号A星
IRMSS-2,运行平台,环境二号A星
HSI-2,运行平台,环境二号A星
WVC-2,运行平台,环境二号B星
IRMSS-2,运行平台,环境二号B星
HSI-2,运行平台,环境二号B星
CCD成像仪,运行平台,海洋一号B星
COCTS,运行平台,海洋一号B星
CCD相机,运行平台,环境一号A星
高光谱相机,运行平台,环境一号A星
CZI,运行平台,海洋一号D星
COCTS,运行平台,海洋一号D星
SAR-S(HJ-1),运行平台,环境一号C星
CCD相机,运行平台,环境一号B星
红外多光谱相机,运行平台,环境一号B星
CZI,运行平台,海洋一号C星
COCTS,运行平台,海洋一号C星
三线阵测绘相机,运行平台,资源三号
多光谱相机,运行平台,资源三号
PMS(资源一号),运行平台,资源一号02C星
HR相机,运行平台,资源一号02C星
NAOMI,运行平台,SPOT6
NAOMI,运行平台,SPOT7
HRG,运行平台,SPOT5
HRS,运行平台,SPOT5
Végétation,运行平台,SPOT5
